date,paytm_close,nifty_close,paytm_normalized,nifty_normalized,event_marker,paytm_ret,nifty_ret,pre_volatility,post_volatility,beta_pre,beta_post
2024-01-01,771.04,21741.9,100.0,100.0,,,,25.75,78.67,0.66,2.02
2024-01-02,787.49,21732.56,102.13,99.96,,0.02133482050217883,-0.00042958527083647446,25.75,78.67,0.66,2.02
2024-01-03,787.43,21825.71,102.13,100.39,,-7.619144370096809e-05,0.004286195459715536,25.75,78.67,0.66,2.02
2024-01-04,800.07,22033.89,103.77,101.34,,0.016052220514839455,0.009538292225086842,25.75,78.67,0.66,2.02
2024-01-05,805.21,22011.74,104.43,101.24,,0.006424437861687116,-0.0010052696096783942,25.75,78.67,0.66,2.02
2024-01-08,798.22,21989.63,103.53,101.14,,-0.008680965214043601,-0.001004463981493564,25.75,78.67,0.66,2.02
2024-01-09,803.35,22206.78,104.19,102.14,,0.006426799629174917,0.009875109312889707,25.75,78.67,0.66,2.02
2024-01-10,822.69,22317.92,106.7,102.65,,0.024074189332171647,0.00500477782010722,25.75,78.67,0.66,2.02
2024-01-11,823.07,22263.98,106.75,102.4,,0.0004618993788669812,-0.0024168918967358843,25.75,78.67,0.66,2.02
2024-01-12,843.21,22345.36,109.36,102.78,,0.02446936469559091,0.003655231454573693,25.75,78.67,0.66,2.02
2024-01-15,810.92,22292.17,105.17,102.53,,-0.038294137877871504,-0.0023803599494481853,25.75,78.67,0.66,2.02
2024-01-16,821.72,22238.79,106.57,102.29,,0.01331820648152715,-0.002394562754545526,25.75,78.67,0.66,2.02
2024-01-17,823.62,22279.97,106.82,102.47,,0.0023122231417027628,0.0018517194505636159,25.75,78.67,0.66,2.02
2024-01-18,820.75,22033.12,106.45,101.34,,-0.003484616692163822,-0.01107945836551849,25.75,78.67,0.66,2.02
2024-01-19,822.7,21813.9,106.7,100.33,,0.0023758757234237926,-0.00994956683392989,25.75,78.67,0.66,2.02
2024-01-22,798.99,21749.03,103.62,100.03,,-0.028819739880880046,-0.002973791940001691,25.75,78.67,0.66,2.02
2024-01-23,797.16,21625.56,103.39,99.46,,-0.002290391619419574,-0.005677034791896407,25.75,78.67,0.66,2.02
2024-01-24,802.23,21674.99,104.05,99.69,,0.006360078277886538,0.0022857211558915402,25.75,78.67,0.66,2.02
2024-01-25,820.81,21565.57,106.45,99.19,,0.02316044027273967,-0.005048214555116393,25.75,78.67,0.66,2.02
2024-01-26,815.25,21391.45,105.73,98.39,,-0.00677379661553823,-0.008073980887126964,25.75,78.67,0.66,2.02
2024-01-29,806.18,21588.12,104.56,99.29,,-0.011125421649800682,0.009193860163756895,25.75,78.67,0.66,2.02
2024-01-30,800.92,21567.51,103.88,99.2,,-0.0065245974844327925,-0.0009546917471275895,25.75,78.67,0.66,2.02
2024-01-31,761.2,21584.88,98.72,99.28,RBI Directive (Jan 31),-0.04959296808670022,0.0008053780895431739,25.75,78.67,0.66,2.02
2024-02-01,608.96,21408.99,78.98,98.47,,-0.19999999999999996,-0.008148759687336637,25.75,78.67,0.66,2.02
2024-02-02,487.17,21347.63,63.18,98.19,,-0.1999967157120337,-0.002866085695775511,25.75,78.67,0.66,2.02
2024-02-05,438.45,21370.38,56.86,98.29,,-0.10000615801465618,0.0010656920697988959,25.75,78.67,0.66,2.02
2024-02-06,448.3,21231.34,58.14,97.65,,0.022465503478161786,-0.006506201574328574,25.75,78.67,0.66,2.02
2024-02-07,450.48,21287.69,58.42,97.91,,0.004862815079188065,0.002654095313814331,25.75,78.67,0.66,2.02
2024-02-08,441.07,21219.49,57.2,97.6,,-0.02088882969277217,-0.003203729479337447,25.75,78.67,0.66,2.02
2024-02-09,445.65,21190.84,57.8,97.47,,0.01038383929988429,-0.0013501738260439655,25.75,78.67,0.66,2.02
2024-02-12,444.72,21122.81,57.68,97.15,,-0.0020868394479971464,-0.0032103493773724123,25.75,78.67,0.66,2.02
2024-02-13,455.42,21366.01,59.07,98.27,,0.024060082748695866,0.011513619636781103,25.75,78.67,0.66,2.02
2024-02-14,443.55,21372.83,57.53,98.3,,-0.026063853146546023,0.0003191985775539141,25.75,78.67,0.66,2.02
2024-02-15,436.98,21245.74,56.67,97.72,,-0.014812309773418963,-0.005946334668829545,25.75,78.67,0.66,2.02
2024-02-16,429.65,21359.09,55.72,98.24,,-0.01677422307657106,0.005335187195174118,25.75,78.67,0.66,2.02
2024-02-19,408.64,21211.18,53.0,97.56,,-0.048900267659722996,-0.006924920490526509,25.75,78.67,0.66,2.02
2024-02-20,411.88,21246.25,53.42,97.72,,0.00792873923257642,0.0016533733625381242,25.75,78.67,0.66,2.02
2024-02-21,414.85,21004.93,53.8,96.61,,0.007210838108187012,-0.011358239689356897,25.75,78.67,0.66,2.02
2024-02-22,415.72,20845.94,53.92,95.88,,0.002097143545859881,-0.007569175426911712,25.75,78.67,0.66,2.02
2024-02-23,414.6,20878.9,53.77,96.03,,-0.0026941210430097007,0.0015811232307108014,25.75,78.67,0.66,2.02
2024-02-26,403.7,20979.76,52.36,96.49,,-0.026290400385914237,0.004830714261766511,25.75,78.67,0.66,2.02
2024-02-27,401.11,21009.73,52.02,96.63,,-0.006415655189497049,0.0014285196780134957,25.75,78.67,0.66,2.02
2024-02-28,399.16,21003.55,51.77,96.6,,-0.004861509311660073,-0.00029414942505212593,25.75,78.67,0.66,2.02
2024-02-29,393.55,20974.01,51.04,96.47,,-0.014054514480408842,-0.0014064289132075247,25.75,78.67,0.66,2.02
2024-03-01,393.07,20796.34,50.98,95.65,,-0.0012196671325117592,-0.008470960011938478,25.75,78.67,0.66,2.02
2024-03-04,397.03,20714.83,51.49,95.28,,0.010074541430279638,-0.003919439670634239,25.75,78.67,0.66,2.02
2024-03-05,412.81,20665.87,53.54,95.05,,0.039745107422612946,-0.002363524103263348,25.75,78.67,0.66,2.02
2024-03-06,415.07,20805.21,53.83,95.69,,0.0054746735786439515,0.006742517977709195,25.75,78.67,0.66,2.02
2024-03-07,418.04,20856.43,54.22,95.93,,0.007155419567783872,0.0024618833455658518,25.75,78.67,0.66,2.02
2024-03-08,418.25,20644.15,54.24,94.95,,0.0005023442732752237,-0.010178156089033386,25.75,78.67,0.66,2.02
2024-03-11,403.04,20692.55,52.27,95.17,,-0.03636580992229521,0.002344489843369546,25.75,78.67,0.66,2.02
2024-03-12,403.63,20653.01,52.35,94.99,,0.00146387455339414,-0.001910832642666116,25.75,78.67,0.66,2.02
2024-03-13,404.93,20577.39,52.52,94.64,,0.003220771498649855,-0.0036614517690156667,25.75,78.67,0.66,2.02
2024-03-14,425.69,20661.14,55.21,95.03,,0.05126812041587425,0.004070001103152476,25.75,78.67,0.66,2.02
2024-03-15,424.9,20797.22,55.11,95.66,,-0.0018558105663746272,0.006586277427092613,25.75,78.67,0.66,2.02
2024-03-18,428.31,20921.74,55.55,96.23,,0.008025417745351815,0.005987338692382993,25.75,78.67,0.66,2.02
2024-03-19,428.87,20824.77,55.62,95.78,,0.0013074642198407371,-0.004634891744185743,25.75,78.67,0.66,2.02
2024-03-20,419.7,20794.46,54.43,95.64,,-0.021381770699745895,-0.0014554782597839822,25.75,78.67,0.66,2.02
2024-03-21,430.14,20844.11,55.79,95.87,,0.024874910650464654,0.0023876551735415585,25.75,78.67,0.66,2.02
2024-03-22,437.47,20974.45,56.74,96.47,,0.0170409634072628,0.006253085403982173,25.75,78.67,0.66,2.02
2024-03-25,440.0,20922.54,57.07,96.23,,0.0057832537088255975,-0.0024749159095948103,25.75,78.67,0.66,2.02
2024-03-26,432.88,20907.6,56.14,96.16,,-0.016181818181818186,-0.0007140624417495411,25.75,78.67,0.66,2.02
2024-03-27,440.0,20777.18,57.07,95.56,,0.01644797634448336,-0.006237923051904515,25.75,78.67,0.66,2.02
2024-03-28,428.54,20636.37,55.58,94.92,,-0.026045454545454483,-0.0067771468505350985,25.75,78.67,0.66,2.02
