step,transfer_sender,transfer_receiver,cashout_sender,cashout_receiver,amount,isFraud_transfer,isFraud_cashout
1,C1334405552,C431687661,C467632528,C716083600,1277212.77,1,1
8,C1198040187,C1828047633,C858959216,C864078397,1996.17,1,1
16,C752563135,C247007952,C705981026,C697783649,2198224.71,1,1
22,C834571675,C312865842,C598573300,C2060664104,77773.14,1,1
25,C1865185181,C388097316,C902520408,C1047966944,1698263.69,1,1
27,C842027258,C136618845,C705152518,C741210093,496128.26,1,1
29,C491994230,C772681684,C1369188336,C1627551181,340198.41,1,1
33,C1152596026,C1976114093,C1587398978,C1560573396,3295227.84,1,1
44,C1374735985,C504646920,C873809237,C1619636695,210698.53,0,0
45,C1481880227,C948441746,C1291131466,C1786011910,217255.97,1,1
47,C1186930189,C2069118895,C1476504573,C598780092,1388951.5,1,1
91,C822183230,C1393101702,C1126237876,C842293503,482679.6,1,1
101,C697159622,C2008752241,C1679438122,C548284315,127905.82,1,1
105,C1032127043,C946777990,C1440012977,C644163395,511379.9,1,1
105,C257797783,C1647613503,C1655503661,C1811125343,2988103.3,1,1
106,C170266679,C2133347282,C967408302,C2089340835,2231.46,1,1
119,C1189212996,C632437973,C265913219,C1198778182,202263.03,1,1
121,C339904211,C2120724538,C1310756162,C472522184,254440.83,1,1
137,C664398937,C913075168,C270495226,C1251038353,20372.74,0,0
137,C965340171,C863634081,C794060279,C928051601,3116833.75,1,1
142,C1521066827,C237081413,C1567508562,C233644049,6168077.6,1,1
146,C781269019,C414219779,C570906576,C1864667577,489714.94,1,1
148,C193359947,C1492417626,C1708206894,C1422044374,99168.97,1,1
149,C1433873566,C45573890,C1961658311,C430727809,172510.95,1,1
151,C134880961,C1742051679,C605744517,C839259296,113614.57,1,1
178,C604295926,C1097845207,C743019474,C508327884,763913.96,1,1
180,C2003297208,C747248533,C686087807,C1701906322,5363594.86,1,1
186,C546277701,C680858375,C432288416,C333863007,8607089.62,1,1
206,C433588108,C1877856948,C947925453,C183582904,998110.47,1,1
206,C587951461,C1789153045,C1212143381,C605351789,235750.53,1,1
212,C1338159838,C18838691,C1218258377,C1181119627,36035.11,1,1
219,C1026095459,C1060066770,C120655142,C670432443,248242.32,1,1
224,C578750781,C179427738,C518290039,C1280843273,1150717.15,1,1
225,C562970310,C152339852,C563555461,C1283170862,476321.8,1,1
228,C174356762,C1545375198,C1370685766,C1312657483,1323909.85,1,1
228,C510088199,C907102449,C695972457,C1672772412,219984.28,0,0
242,C973074458,C1408872887,C1144385106,C2013070624,509985.31,1,1
249,C1794988731,C1111485677,C1651029918,C467148053,90915.0,1,1
249,C688548413,C1596175198,C2020495090,C650699445,369448.2,1,1
261,C160052939,C671509828,C1770613514,C177359070,8639.93,1,1
272,C851163410,C266966144,C495744024,C142420286,580673.57,1,1
281,C1060613319,C1653587362,C1500009160,C1683886957,1030417.74,1,1
282,C826788482,C260162600,C1171189055,C1751518274,16296.46,1,1
283,C295983306,C581841724,C1732619853,C113661013,101515.68,1,1
305,C1235032852,C1296897597,C31072228,C2043561429,2321633.57,1,1
305,C1628562361,C675686656,C1554219817,C1514839015,447589.21,1,1
310,C17859234,C121307567,C315283970,C527460234,1334919.42,1,1
336,C1529791682,C215273988,C186550452,C2061604304,964388.1,1,1
343,C108505415,C1874406892,C220889953,C463938761,101013.32,1,1
349,C157192204,C1684873650,C661074170,C2110252237,14279.89,1,1
361,C260837580,C1657343316,C218959911,C287487374,140807.76,1,1
362,C1208192074,C255905586,C23198921,C486186579,10000000.0,1,1
371,C1186321372,C372000070,C1392000851,C1530402774,174324.94,1,1
374,C557416000,C1372402495,C2113506271,C1469541574,700523.69,1,1
377,C466106905,C2067219464,C843030857,C130896876,2344540.14,1,1
400,C1866512540,C2138692554,C1915876350,C257986236,436757.76,1,1
403,C828932813,C1502933385,C2032582234,C677415412,196254.03,1,1
404,C2023224715,C1730830963,C424305014,C761333500,10000000.0,1,1
406,C1216438383,C2073991799,C1507841762,C1402386572,184588.59,1,1
408,C1011516202,C908525161,C1398344547,C1687751044,429257.45,1,1
412,C1204602597,C419461239,C171722567,C373099363,87438.83,1,1
421,C787135844,C934789306,C609937899,C1397005077,267564.83,1,1
424,C1043016955,C2103366345,C624146963,C2012667225,313697.44,1,1
440,C46140680,C1767092108,C1536280530,C150352911,4339822.23,1,1
450,C524119157,C1979637041,C1552522980,C2104816494,10000000.0,1,1
477,C958803448,C229298168,C1232836519,C1361370826,338293.14,1,1
481,C1544182108,C1927390532,C884840595,C1836069154,190215.18,1,1
485,C600644430,C1183535106,C164780972,C380842084,2755588.11,1,1
488,C726617458,C1996615895,C1348697498,C499332323,326052.83,1,1
503,C578374752,C1508064575,C1383859392,C431850862,854065.31,1,1
510,C1633390625,C1517406910,C1985542113,C121844862,550231.35,1,1
530,C1687894218,C943795253,C547292617,C1499118681,148680.12,1,1
559,C315492632,C1866365124,C471097879,C312345,127564.33,1,1
568,C1716123140,C1857609531,C898478782,C1897016446,112988.36,1,1
592,C137478420,C100691765,C131199741,C1863134170,369306.87,1,1
600,C551820728,C2069632802,C1402128249,C734547406,7363709.23,1,1
603,C1226871955,C1363273657,C1711046896,C1985698288,158879.1,1,1
608,C190615987,C1904194298,C1001765380,C1602457625,277048.48,1,1
625,C2136238029,C1843224503,C1809515003,C1837079929,249749.05,1,1
648,C278258075,C28830193,C845487324,C1150675695,1005346.72,1,1
652,C1580037772,C1784796594,C1357888616,C1949432790,762782.66,1,1
664,C1287144716,C1962276701,C1734852637,C537407577,331729.06,1,1
664,C1557521706,C359361897,C1750763630,C2000520198,639991.03,1,1
670,C574846060,C1073035418,C106058139,C1218665261,1938347.14,1,1
674,C612277580,C1507701948,C1600632872,C229575855,932922.6,1,1
675,C48717380,C230089691,C1162550194,C27397338,2772043.9,1,1
694,C1186192171,C2136471075,C611266537,C305170140,10000000.0,1,1
701,C1396855009,C387448117,C1472339088,C1506042377,644314.67,1,1
701,C1064966733,C467221336,C1742581388,C1623138506,306691.05,1,1
711,C1623202308,C1603892651,C1586194508,C675616204,219407.52,1,1
725,C1518086244,C1924072555,C1350230812,C1392776813,123259.24,1,1
731,C1104155037,C852180070,C2054799485,C997585991,219934.26,1,1
741,C31496887,C1251365829,C1092829426,C716019997,144945.34,1,1
