threshold,alerts,fraud_value_lost,cost_100,cost_500,cost_2000,cost_5000,cost_25000,cost_100000,cost_500000
0.01,6283,147828679.65,148456979.65,150970179.65,160394679.65,179243679.65,304903679.65,776128679.65,3289328679.65
0.02,5205,171250359.09,171770859.09,173852859.09,181660359.09,197275359.09,301375359.09,691750359.09,2773750359.09
0.03,4571,181549213.3,182006313.3,183834713.3,190691213.3,204404213.3,295824213.3,638649213.3,2467049213.3
0.04,4106,182445496.66,182856096.66,184498496.66,190657496.66,202975496.66,285095496.66,593045496.66,2235445496.66
0.05,3713,203047163.5,203418463.5,204903663.5,210473163.5,221612163.5,295872163.5,574347163.5,2059547163.5
0.1,2430,237240323.14,237483323.14,238455323.14,242100323.14,249390323.14,297990323.14,480240323.14,1452240323.14
0.15,1817,252595833.4,252777533.4,253504333.4,256229833.4,261680833.4,298020833.4,434295833.4,1161095833.4
0.2,1383,263825809.6,263964109.6,264517309.6,266591809.6,270740809.6,298400809.6,402125809.6,955325809.6
0.25,1090,297628300.95,297737300.95,298173300.95,299808300.95,303078300.95,324878300.95,406628300.95,842628300.95
0.3,892,401516307.21,401605507.21,401962307.21,403300307.21,405976307.21,423816307.21,490716307.21,847516307.21
0.35,708,404274779.08,404345579.08,404628779.08,405690779.08,407814779.08,421974779.08,475074779.08,758274779.08
0.4,572,408267368.29,408324568.29,408553368.29,409411368.29,411127368.29,422567368.29,465467368.29,694267368.29
0.45,479,414289687.32,414337587.32,414529187.32,415247687.32,416684687.32,426264687.32,462189687.32,653789687.32
0.5,389,419040041.02,419078941.02,419234541.02,419818041.02,420985041.02,428765041.02,457940041.02,613540041.02
0.55,339,427908791.11,427942691.11,428078291.11,428586791.11,429603791.11,436383791.11,461808791.11,597408791.11
0.6,280,443054076.68,443082076.68,443194076.68,443614076.68,444454076.68,450054076.68,471054076.68,583054076.68
0.65,234,448939928.52,448963328.52,449056928.52,449407928.52,450109928.52,454789928.52,472339928.52,565939928.52
0.7,185,483882917.25,483901417.25,483975417.25,484252917.25,484807917.25,488507917.25,502382917.25,576382917.25
0.75,164,495048226.75,495064626.75,495130226.75,495376226.75,495868226.75,499148226.75,511448226.75,577048226.75
0.8,128,522545923.57,522558723.57,522609923.57,522801923.57,523185923.57,525745923.57,535345923.57,586545923.57
0.85,104,580523631.78,580534031.78,580575631.78,580731631.78,581043631.78,583123631.78,590923631.78,632523631.78
0.9,85,632115939.41,632124439.41,632158439.41,632285939.41,632540939.41,634240939.41,640615939.41,674615939.41
0.95,70,661547648.25,661554648.25,661582648.25,661687648.25,661897648.25,663297648.25,668547648.25,696547648.25
lowest_cost_threshold,-,-,0.01,0.01,0.01,0.01,0.04,0.2,0.65
