step,district,payments,alerts_strict,alerts_balanced,alerts_lenient
334,1,47,5,0,0
334,2,65,3,0,0
334,3,72,2,0,0
334,4,69,4,0,0
334,5,68,1,0,0
334,6,57,3,1,0
334,7,66,9,1,0
334,8,64,3,0,0
335,1,51,1,0,0
335,2,58,5,1,0
335,3,49,3,0,0
335,4,43,5,0,0
335,5,43,5,1,0
335,6,49,0,0,0
335,7,50,4,0,0
335,8,57,2,0,0
336,1,4,2,1,0
336,2,14,2,0,0
336,3,11,1,0,0
336,4,12,2,0,0
336,5,12,2,1,0
336,6,16,5,0,0
336,7,17,3,0,0
336,8,12,4,1,0
337,1,0,0,0,0
337,2,2,1,0,0
337,3,0,0,0,0
337,4,2,1,0,0
337,5,3,1,0,0
337,6,0,0,0,0
337,7,5,2,0,0
337,8,3,1,0,0
338,1,1,1,0,0
338,2,0,0,0,0
338,3,3,1,0,0
338,4,1,1,0,0
338,5,1,1,1,0
338,6,0,0,0,0
338,7,0,0,0,0
338,8,1,0,0,0
339,1,0,0,0,0
339,2,0,0,0,0
339,3,0,0,0,0
339,4,0,0,0,0
339,5,0,0,0,0
339,6,0,0,0,0
339,7,1,1,1,1
339,8,0,0,0,0
340,1,0,0,0,0
340,2,0,0,0,0
340,3,1,1,1,1
340,4,0,0,0,0
340,5,0,0,0,0
340,6,0,0,0,0
340,7,1,1,1,0
340,8,0,0,0,0
341,1,0,0,0,0
341,2,2,2,2,2
341,3,0,0,0,0
341,4,0,0,0,0
341,5,0,0,0,0
341,6,0,0,0,0
341,7,0,0,0,0
341,8,0,0,0,0
342,1,0,0,0,0
342,2,0,0,0,0
342,3,1,1,1,0
342,4,0,0,0,0
342,5,0,0,0,0
342,6,1,1,1,0
342,7,0,0,0,0
342,8,0,0,0,0
343,1,0,0,0,0
343,2,0,0,0,0
343,3,0,0,0,0
343,4,1,1,0,0
343,5,0,0,0,0
343,6,1,1,0,0
343,7,0,0,0,0
343,8,0,0,0,0
344,1,0,0,0,0
344,2,0,0,0,0
344,3,0,0,0,0
344,4,0,0,0,0
344,5,0,0,0,0
344,6,0,0,0,0
344,7,0,0,0,0
344,8,0,0,0,0
345,1,114,5,0,0
345,2,119,4,0,0
345,3,99,3,1,0
345,4,101,2,0,0
345,5,108,4,0,0
345,6,111,5,0,0
345,7,122,5,0,0
345,8,118,2,0,0
346,1,205,5,0,0
346,2,209,2,0,0
346,3,236,5,0,0
346,4,215,3,0,0
346,5,232,4,0,0
346,6,203,4,0,0
346,7,225,5,0,0
346,8,224,5,0,0
347,1,280,3,1,0
347,2,242,5,0,0
347,3,247,4,0,0
347,4,272,7,0,0
347,5,262,3,0,0
347,6,244,5,0,0
347,7,237,4,0,0
347,8,231,4,0,0
348,1,223,9,0,0
348,2,242,8,0,0
348,3,231,5,0,0
348,4,259,7,0,0
348,5,231,7,0,0
348,6,263,8,0,0
348,7,218,8,3,0
348,8,229,8,0,0
349,1,250,6,1,1
349,2,236,3,1,0
349,3,267,2,0,0
349,4,273,4,1,0
349,5,255,3,1,0
349,6,258,1,0,0
349,7,266,4,0,0
349,8,248,4,0,0
350,1,220,2,0,0
350,2,245,4,1,0
350,3,263,6,1,0
350,4,230,4,0,0
350,5,240,4,0,0
350,6,242,3,0,0
350,7,221,2,0,0
350,8,222,6,0,0
351,1,208,0,0,0
351,2,225,4,0,0
351,3,197,6,1,0
351,4,225,4,0,0
351,5,229,2,0,0
351,6,255,3,0,0
351,7,220,1,0,0
351,8,226,4,0,0
352,1,245,5,0,0
352,2,239,0,0,0
352,3,249,2,0,0
352,4,214,3,0,0
352,5,202,2,0,0
352,6,226,4,0,0
352,7,235,2,0,0
352,8,226,6,0,0
353,1,249,8,0,0
353,2,267,6,0,0
353,3,284,5,0,0
353,4,258,3,0,0
353,5,253,4,0,0
353,6,284,6,0,0
353,7,249,5,0,0
353,8,218,0,0,0
354,1,364,3,0,0
354,2,342,5,1,0
354,3,333,4,0,0
354,4,384,3,0,0
354,5,367,6,0,0
354,6,387,5,0,0
354,7,352,4,0,0
354,8,323,3,0,0
355,1,370,4,0,0
355,2,428,4,0,0
355,3,392,5,0,0
355,4,365,4,0,0
355,5,370,6,0,0
355,6,367,6,0,0
355,7,376,3,1,0
355,8,388,3,0,0
356,1,296,5,0,0
356,2,275,4,0,0
356,3,273,7,0,0
356,4,269,2,0,0
356,5,282,5,0,0
356,6,262,5,0,0
356,7,264,4,1,0
356,8,240,2,0,0
357,1,90,2,0,0
357,2,109,3,0,0
357,3,90,1,0,0
357,4,99,1,0,0
357,5,92,3,0,0
357,6,114,7,0,0
357,7,109,6,1,0
357,8,111,2,0,0
358,1,73,1,0,0
358,2,60,1,0,0
358,3,57,3,1,0
358,4,67,3,0,0
358,5,65,1,0,0
358,6,74,2,0,0
358,7,70,3,0,0
358,8,72,2,0,0
359,1,40,5,1,0
359,2,40,2,0,0
359,3,47,4,0,0
359,4,34,3,0,0
359,5,42,2,0,0
359,6,48,7,0,0
359,7,35,5,1,1
359,8,41,5,0,0
360,1,28,1,0,0
360,2,10,2,0,0
360,3,18,2,0,0
360,4,22,2,0,0
360,5,14,2,0,0
360,6,23,1,0,0
360,7,20,1,0,0
360,8,18,1,0,0
361,1,4,0,0,0
361,2,8,3,1,0
361,3,1,1,0,0
361,4,11,4,0,0
361,5,9,3,0,0
361,6,11,5,1,0
361,7,7,3,0,0
361,8,10,4,1,0
362,1,1,1,1,1
362,2,2,2,1,0
362,3,3,3,3,2
362,4,2,2,1,0
362,5,1,1,0,0
362,6,2,1,1,0
362,7,4,3,2,1
362,8,4,4,1,0
363,1,0,0,0,0
363,2,0,0,0,0
363,3,1,1,0,0
363,4,1,1,0,0
363,5,0,0,0,0
363,6,0,0,0,0
363,7,1,1,1,0
363,8,0,0,0,0
364,1,0,0,0,0
364,2,0,0,0,0
364,3,0,0,0,0
364,4,0,0,0,0
364,5,0,0,0,0
364,6,0,0,0,0
364,7,0,0,0,0
364,8,0,0,0,0
365,1,0,0,0,0
365,2,0,0,0,0
365,3,0,0,0,0
365,4,0,0,0,0
365,5,0,0,0,0
365,6,1,1,1,1
365,7,0,0,0,0
365,8,0,0,0,0
366,1,0,0,0,0
366,2,1,1,1,0
366,3,0,0,0,0
366,4,0,0,0,0
366,5,0,0,0,0
366,6,0,0,0,0
366,7,1,1,0,0
366,8,0,0,0,0
367,1,0,0,0,0
367,2,1,1,0,0
367,3,0,0,0,0
367,4,1,1,1,0
367,5,0,0,0,0
367,6,0,0,0,0
367,7,0,0,0,0
367,8,0,0,0,0
368,1,0,0,0,0
368,2,0,0,0,0
368,3,0,0,0,0
368,4,0,0,0,0
368,5,0,0,0,0
368,6,0,0,0,0
368,7,0,0,0,0
368,8,0,0,0,0
369,1,115,3,0,0
369,2,124,3,0,0
369,3,89,5,1,0
369,4,116,7,0,0
369,5,109,2,0,0
369,6,115,4,0,0
369,7,113,5,0,0
369,8,113,4,1,0
370,1,202,1,0,0
370,2,184,2,0,0
370,3,212,2,1,0
370,4,185,2,0,0
370,5,217,2,0,0
370,6,217,8,0,0
370,7,193,4,0,0
370,8,220,2,0,0
371,1,259,1,0,0
371,2,243,6,0,0
371,3,228,3,0,0
371,4,254,4,0,0
371,5,238,3,0,0
371,6,209,4,0,0
371,7,231,3,0,0
371,8,231,5,0,0
372,1,246,3,0,0
372,2,247,6,0,0
372,3,246,2,0,0
372,4,234,2,0,0
372,5,252,4,0,0
372,6,272,6,0,0
372,7,282,5,0,0
372,8,256,2,0,0
373,1,233,4,0,0
373,2,239,1,0,0
373,3,242,4,1,0
373,4,254,3,0,0
373,5,235,1,0,0
373,6,216,2,0,0
373,7,222,2,0,0
373,8,225,0,0,0
374,1,248,6,0,0
374,2,243,0,0,0
374,3,228,3,0,0
374,4,261,5,0,0
374,5,232,3,0,0
374,6,244,5,0,0
374,7,227,0,0,0
374,8,227,1,0,0
375,1,229,5,0,0
375,2,219,4,0,0
375,3,195,2,0,0
375,4,226,2,0,0
375,5,207,7,0,0
375,6,229,3,0,0
375,7,233,3,1,0
375,8,244,3,0,0
376,1,163,3,0,0
376,2,173,2,0,0
376,3,168,6,0,0
376,4,196,1,0,0
376,5,182,5,0,0
376,6,179,3,0,0
376,7,169,2,0,0
376,8,170,7,0,0
377,1,171,5,0,0
377,2,127,0,0,0
377,3,184,2,0,0
377,4,144,5,0,0
377,5,163,3,1,1
377,6,171,4,0,0
377,7,158,1,0,0
377,8,184,2,1,1
378,1,340,3,0,0
378,2,336,4,0,0
378,3,304,4,1,0
378,4,320,5,0,0
378,5,327,9,0,0
378,6,326,1,0,0
378,7,311,5,0,0
378,8,364,7,0,0
379,1,389,2,0,0
379,2,394,5,0,0
379,3,363,4,0,0
379,4,400,3,0,0
379,5,358,4,1,1
379,6,379,3,0,0
379,7,367,2,0,0
379,8,407,7,2,1
380,1,295,3,0,0
380,2,301,4,0,0
380,3,295,7,0,0
380,4,335,10,0,0
380,5,327,2,0,0
380,6,298,5,1,0
380,7,294,3,0,0
380,8,320,6,1,0
381,1,112,2,0,0
381,2,101,2,0,0
381,3,95,7,1,0
381,4,100,4,0,0
381,5,89,0,0,0
381,6,103,2,0,0
381,7,111,4,0,0
381,8,91,4,1,0
382,1,101,1,0,0
382,2,68,3,0,0
382,3,74,3,1,0
382,4,75,2,0,0
382,5,76,2,0,0
382,6,81,4,1,0
382,7,84,3,0,0
382,8,68,2,1,0
383,1,33,2,1,1
383,2,42,4,0,0
383,3,49,3,0,0
383,4,39,4,0,0
383,5,32,3,0,0
383,6,39,2,0,0
383,7,27,2,0,0
383,8,41,2,0,0
384,1,14,1,0,0
384,2,13,2,0,0
384,3,25,3,1,0
384,4,14,2,0,0
384,5,21,3,1,0
384,6,25,4,0,0
384,7,18,0,0,0
384,8,19,3,1,0
385,1,8,4,0,0
385,2,9,3,0,0
385,3,6,3,1,0
385,4,7,1,0,0
385,5,4,2,0,0
385,6,4,1,0,0
385,7,3,0,0,0
385,8,3,0,0,0
386,1,3,3,0,0
386,2,5,5,1,0
386,3,2,2,1,0
386,4,3,3,0,0
386,5,0,0,0,0
386,6,4,3,0,0
386,7,1,0,0,0
386,8,3,2,0,0
387,1,0,0,0,0
387,2,0,0,0,0
387,3,0,0,0,0
387,4,0,0,0,0
387,5,0,0,0,0
387,6,1,1,1,1
387,7,1,1,1,0
387,8,0,0,0,0
388,1,0,0,0,0
388,2,1,1,1,1
388,3,0,0,0,0
388,4,0,0,0,0
388,5,1,1,1,0
388,6,0,0,0,0
388,7,0,0,0,0
388,8,0,0,0,0
389,1,0,0,0,0
389,2,0,0,0,0
389,3,0,0,0,0
389,4,0,0,0,0
389,5,0,0,0,0
389,6,0,0,0,0
389,7,0,0,0,0
389,8,0,0,0,0
390,1,0,0,0,0
390,2,0,0,0,0
390,3,0,0,0,0
390,4,0,0,0,0
390,5,1,1,1,1
390,6,0,0,0,0
390,7,0,0,0,0
390,8,1,1,1,0
391,1,1,1,1,1
391,2,0,0,0,0
391,3,0,0,0,0
391,4,0,0,0,0
391,5,0,0,0,0
391,6,0,0,0,0
391,7,0,0,0,0
391,8,0,0,0,0
392,1,0,0,0,0
392,2,0,0,0,0
392,3,0,0,0,0
392,4,0,0,0,0
392,5,0,0,0,0
392,6,0,0,0,0
392,7,1,0,0,0
392,8,0,0,0,0
393,1,159,5,0,0
393,2,166,3,0,0
393,3,172,4,0,0
393,4,172,5,0,0
393,5,144,7,0,0
393,6,152,5,0,0
393,7,168,3,0,0
393,8,145,2,0,0
394,1,248,4,1,0
394,2,211,5,0,0
394,3,231,7,0,0
394,4,234,3,1,0
394,5,228,1,0,0
394,6,206,5,0,0
394,7,246,6,0,0
394,8,252,3,1,0
395,1,183,1,0,0
395,2,206,0,0,0
395,3,201,1,0,0
395,4,165,3,0,0
395,5,170,1,0,0
395,6,168,2,0,0
395,7,179,5,0,0
395,8,190,2,0,0
396,1,264,4,0,0
396,2,263,3,0,0
396,3,292,3,0,0
396,4,270,1,0,0
396,5,284,2,1,0
396,6,310,2,0,0
396,7,295,6,0,0
396,8,323,2,1,0
397,1,253,6,2,0
397,2,237,3,0,0
397,3,247,2,0,0
397,4,270,1,0,0
397,5,287,4,0,0
397,6,257,2,0,0
397,7,237,4,0,0
397,8,248,4,0,0
398,1,243,2,0,0
398,2,243,2,0,0
398,3,226,5,0,0
398,4,212,2,0,0
398,5,209,2,0,0
398,6,210,1,0,0
398,7,228,2,0,0
398,8,245,1,0,0
399,1,263,3,0,0
399,2,256,3,0,0
399,3,261,6,0,0
399,4,271,4,1,0
399,5,259,5,0,0
399,6,232,3,1,0
399,7,246,2,0,0
399,8,263,5,0,0
400,1,230,4,0,0
400,2,258,1,0,0
400,3,269,4,0,0
400,4,255,0,0,0
400,5,264,3,0,0
400,6,271,0,0,0
400,7,290,3,1,0
400,8,276,3,0,0
401,1,301,1,0,0
401,2,303,6,1,0
401,3,285,5,0,0
401,4,292,5,1,0
401,5,294,6,1,1
401,6,295,5,1,0
401,7,288,4,0,0
401,8,344,3,1,0
402,1,349,4,1,0
402,2,373,4,0,0
402,3,340,7,0,0
402,4,376,4,0,0
402,5,347,2,0,0
402,6,358,8,0,0
402,7,364,5,1,0
402,8,373,13,1,0
403,1,397,5,0,0
403,2,393,4,0,0
403,3,409,7,0,0
403,4,411,3,0,0
403,5,432,2,0,0
403,6,377,1,0,0
403,7,392,5,0,0
403,8,397,1,0,0
404,1,320,5,0,0
404,2,299,1,0,0
404,3,257,4,0,0
404,4,300,5,0,0
404,5,317,4,1,0
404,6,276,3,0,0
404,7,297,5,1,1
404,8,298,1,0,0
405,1,112,5,0,0
405,2,135,5,0,0
405,3,111,6,0,0
405,4,104,1,0,0
405,5,120,4,0,0
405,6,108,3,0,0
405,7,114,3,0,0
405,8,107,1,0,0
406,1,84,2,0,0
406,2,68,7,0,0
406,3,65,1,0,0
406,4,61,2,0,0
406,5,86,3,0,0
406,6,64,1,1,0
406,7,89,2,0,0
406,8,71,6,0,0
407,1,34,2,0,0
407,2,55,1,0,0
407,3,39,2,0,0
407,4,39,2,0,0
407,5,34,2,0,0
407,6,31,1,0,0
407,7,40,0,0,0
407,8,43,6,1,0
408,1,54,4,0,0
408,2,27,1,1,0
408,3,32,4,0,0
408,4,38,6,0,0
408,5,45,4,1,0
408,6,29,3,0,0
408,7,36,2,0,0
408,8,40,7,1,0
409,1,2,1,0,0
409,2,2,0,0,0
409,3,6,3,0,0
409,4,0,0,0,0
409,5,0,0,0,0
409,6,3,1,0,0
409,7,1,1,0,0
409,8,0,0,0,0
410,1,1,1,0,0
410,2,0,0,0,0
410,3,0,0,0,0
410,4,1,1,1,0
410,5,0,0,0,0
410,6,0,0,0,0
410,7,0,0,0,0
410,8,0,0,0,0
411,1,0,0,0,0
411,2,0,0,0,0
411,3,0,0,0,0
411,4,1,1,1,1
411,5,1,1,1,1
411,6,0,0,0,0
411,7,0,0,0,0
411,8,0,0,0,0
412,1,0,0,0,0
412,2,1,1,0,0
412,3,0,0,0,0
412,4,0,0,0,0
412,5,1,1,1,0
412,6,0,0,0,0
412,7,0,0,0,0
412,8,1,1,1,0
413,1,0,0,0,0
413,2,1,1,1,0
413,3,0,0,0,0
413,4,1,1,1,0
413,5,3,3,1,0
413,6,1,1,0,0
413,7,3,3,0,0
413,8,1,1,1,0
414,1,0,0,0,0
414,2,0,0,0,0
414,3,0,0,0,0
414,4,1,1,1,0
414,5,0,0,0,0
414,6,0,0,0,0
414,7,0,0,0,0
414,8,0,0,0,0
415,1,0,0,0,0
415,2,0,0,0,0
415,3,0,0,0,0
415,4,0,0,0,0
415,5,0,0,0,0
415,6,0,0,0,0
415,7,0,0,0,0
415,8,0,0,0,0
416,1,14,3,1,0
416,2,20,7,2,0
416,3,9,0,0,0
416,4,20,7,3,0
416,5,16,0,0,0
416,6,11,4,1,0
416,7,16,4,1,0
416,8,15,1,0,0
417,1,0,0,0,0
417,2,0,0,0,0
417,3,0,0,0,0
417,4,1,0,0,0
417,5,0,0,0,0
417,6,0,0,0,0
417,7,1,0,0,0
417,8,0,0,0,0
418,1,0,0,0,0
418,2,1,0,0,0
418,3,0,0,0,0
418,4,0,0,0,0
418,5,0,0,0,0
418,6,0,0,0,0
418,7,0,0,0,0
418,8,0,0,0,0
419,1,9,0,0,0
419,2,6,0,0,0
419,3,5,0,0,0
419,4,5,0,0,0
419,5,4,0,0,0
419,6,6,0,0,0
419,7,7,0,0,0
419,8,6,0,0,0
420,1,17,1,0,0
420,2,14,0,0,0
420,3,22,0,0,0
420,4,18,0,0,0
420,5,19,1,0,0
420,6,20,0,0,0
420,7,21,0,0,0
420,8,26,0,0,0
421,1,2,1,1,0
421,2,0,0,0,0
421,3,0,0,0,0
421,4,0,0,0,0
421,5,0,0,0,0
421,6,0,0,0,0
421,7,0,0,0,0
421,8,2,0,0,0
422,1,5,0,0,0
422,2,7,0,0,0
422,3,8,2,1,1
422,4,5,0,0,0
422,5,8,0,0,0
422,6,15,0,0,0
422,7,12,0,0,0
422,8,16,0,0,0
423,1,6,0,0,0
423,2,5,0,0,0
423,3,8,0,0,0
423,4,10,0,0,0
423,5,6,0,0,0
423,6,3,0,0,0
423,7,7,0,0,0
423,8,6,0,0,0
424,1,0,0,0,0
424,2,1,0,0,0
424,3,1,0,0,0
424,4,1,0,0,0
424,5,0,0,0,0
424,6,1,0,0,0
424,7,0,0,0,0
424,8,1,0,0,0
425,1,0,0,0,0
425,2,1,0,0,0
425,3,0,0,0,0
425,4,0,0,0,0
425,5,0,0,0,0
425,6,1,0,0,0
425,7,1,0,0,0
425,8,1,0,0,0
426,1,43,0,0,0
426,2,50,1,0,0
426,3,34,1,0,0
426,4,42,0,0,0
426,5,41,0,0,0
426,6,52,1,0,0
426,7,46,1,0,0
426,8,46,1,0,0
427,1,0,0,0,0
427,2,0,0,0,0
427,3,0,0,0,0
427,4,0,0,0,0
427,5,0,0,0,0
427,6,0,0,0,0
427,7,0,0,0,0
427,8,0,0,0,0
428,1,23,1,0,0
428,2,26,2,0,0
428,3,22,1,0,0
428,4,19,0,0,0
428,5,19,1,0,0
428,6,16,0,0,0
428,7,23,0,0,0
428,8,22,1,0,0
429,1,14,0,0,0
429,2,18,0,0,0
429,3,15,1,0,0
429,4,10,0,0,0
429,5,18,0,0,0
429,6,22,0,0,0
429,7,22,0,0,0
429,8,16,2,0,0
430,1,0,0,0,0
430,2,0,0,0,0
430,3,0,0,0,0
430,4,1,0,0,0
430,5,0,0,0,0
430,6,0,0,0,0
430,7,0,0,0,0
430,8,0,0,0,0
431,1,8,2,1,0
431,2,10,0,0,0
431,3,4,0,0,0
431,4,5,0,0,0
431,5,6,0,0,0
431,6,8,0,0,0
431,7,6,0,0,0
431,8,10,1,0,0
432,1,0,0,0,0
432,2,0,0,0,0
432,3,0,0,0,0
432,4,0,0,0,0
432,5,0,0,0,0
432,6,0,0,0,0
432,7,0,0,0,0
432,8,0,0,0,0
433,1,0,0,0,0
433,2,0,0,0,0
433,3,0,0,0,0
433,4,0,0,0,0
433,5,0,0,0,0
433,6,0,0,0,0
433,7,0,0,0,0
433,8,0,0,0,0
434,1,0,0,0,0
434,2,0,0,0,0
434,3,0,0,0,0
434,4,0,0,0,0
434,5,1,1,0,0
434,6,1,1,1,1
434,7,1,1,1,1
434,8,0,0,0,0
435,1,0,0,0,0
435,2,0,0,0,0
435,3,0,0,0,0
435,4,0,0,0,0
435,5,0,0,0,0
435,6,0,0,0,0
435,7,0,0,0,0
435,8,0,0,0,0
436,1,0,0,0,0
436,2,0,0,0,0
436,3,0,0,0,0
436,4,1,1,1,0
436,5,0,0,0,0
436,6,0,0,0,0
436,7,1,1,0,0
436,8,1,1,1,0
437,1,0,0,0,0
437,2,0,0,0,0
437,3,1,1,1,1
437,4,1,1,1,0
437,5,0,0,0,0
437,6,0,0,0,0
437,7,0,0,0,0
437,8,0,0,0,0
438,1,0,0,0,0
438,2,0,0,0,0
438,3,1,1,1,0
438,4,0,0,0,0
438,5,0,0,0,0
438,6,0,0,0,0
438,7,1,0,0,0
438,8,1,1,1,0
439,1,4,2,0,0
439,2,2,0,0,0
439,3,1,1,0,0
439,4,2,1,1,0
439,5,3,2,0,0
439,6,3,2,0,0
439,7,2,2,0,0
439,8,2,1,0,0
440,1,0,0,0,0
440,2,0,0,0,0
440,3,0,0,0,0
440,4,0,0,0,0
440,5,0,0,0,0
440,6,1,1,1,0
440,7,1,1,1,1
440,8,0,0,0,0
441,1,0,0,0,0
441,2,0,0,0,0
441,3,0,0,0,0
441,4,0,0,0,0
441,5,1,1,0,0
441,6,1,0,0,0
441,7,0,0,0,0
441,8,0,0,0,0
442,1,2,0,0,0
442,2,5,0,0,0
442,3,3,0,0,0
442,4,5,0,0,0
442,5,8,1,0,0
442,6,7,1,0,0
442,7,9,2,0,0
442,8,8,0,0,0
443,1,0,0,0,0
443,2,0,0,0,0
443,3,0,0,0,0
443,4,0,0,0,0
443,5,0,0,0,0
443,6,0,0,0,0
443,7,1,1,1,0
443,8,0,0,0,0
444,1,0,0,0,0
444,2,0,0,0,0
444,3,1,0,0,0
444,4,0,0,0,0
444,5,1,0,0,0
444,6,0,0,0,0
444,7,0,0,0,0
444,8,0,0,0,0
445,1,0,0,0,0
445,2,0,0,0,0
445,3,1,0,0,0
445,4,0,0,0,0
445,5,0,0,0,0
445,6,0,0,0,0
445,7,0,0,0,0
445,8,1,0,0,0
446,1,0,0,0,0
446,2,0,0,0,0
446,3,1,0,0,0
446,4,0,0,0,0
446,5,1,1,1,1
446,6,0,0,0,0
446,7,0,0,0,0
446,8,1,0,0,0
447,1,0,0,0,0
447,2,0,0,0,0
447,3,0,0,0,0
447,4,0,0,0,0
447,5,0,0,0,0
447,6,0,0,0,0
447,7,1,0,0,0
447,8,1,0,0,0
448,1,22,0,0,0
448,2,22,0,0,0
448,3,27,1,0,0
448,4,20,0,0,0
448,5,26,1,0,0
448,6,15,0,0,0
448,7,14,0,0,0
448,8,22,0,0,0
449,1,10,0,0,0
449,2,9,0,0,0
449,3,17,0,0,0
449,4,9,0,0,0
449,5,5,0,0,0
449,6,6,0,0,0
449,7,11,0,0,0
449,8,19,0,0,0
450,1,0,0,0,0
450,2,1,1,1,1
450,3,1,1,0,0
450,4,0,0,0,0
450,5,0,0,0,0
450,6,0,0,0,0
450,7,0,0,0,0
450,8,1,1,0,0
451,1,36,1,0,0
451,2,35,0,0,0
451,3,32,2,0,0
451,4,35,1,0,0
451,5,36,0,0,0
451,6,31,1,0,0
451,7,24,0,0,0
451,8,33,0,0,0
452,1,1,0,0,0
452,2,2,0,0,0
452,3,3,0,0,0
452,4,2,0,0,0
452,5,1,0,0,0
452,6,1,0,0,0
452,7,3,0,0,0
452,8,3,0,0,0
453,1,1,0,0,0
453,2,0,0,0,0
453,3,0,0,0,0
453,4,0,0,0,0
453,5,0,0,0,0
453,6,1,0,0,0
453,7,0,0,0,0
453,8,0,0,0,0
454,1,0,0,0,0
454,2,0,0,0,0
454,3,1,0,0,0
454,4,0,0,0,0
454,5,1,0,0,0
454,6,1,0,0,0
454,7,0,0,0,0
454,8,0,0,0,0
455,1,4,0,0,0
455,2,3,0,0,0
455,3,2,0,0,0
455,4,6,0,0,0
455,5,3,0,0,0
455,6,2,0,0,0
455,7,3,0,0,0
455,8,4,1,0,0
456,1,0,0,0,0
456,2,0,0,0,0
456,3,0,0,0,0
456,4,0,0,0,0
456,5,0,0,0,0
456,6,0,0,0,0
456,7,0,0,0,0
456,8,1,0,0,0
457,1,0,0,0,0
457,2,0,0,0,0
457,3,0,0,0,0
457,4,0,0,0,0
457,5,0,0,0,0
457,6,0,0,0,0
457,7,0,0,0,0
457,8,0,0,0,0
458,1,2,1,0,0
458,2,0,0,0,0
458,3,3,3,0,0
458,4,1,1,0,0
458,5,0,0,0,0
458,6,3,2,0,0
458,7,2,0,0,0
458,8,2,1,1,0
459,1,0,0,0,0
459,2,0,0,0,0
459,3,0,0,0,0
459,4,0,0,0,0
459,5,0,0,0,0
459,6,0,0,0,0
459,7,0,0,0,0
459,8,2,2,0,0
460,1,1,1,1,0
460,2,2,2,2,0
460,3,0,0,0,0
460,4,1,1,1,0
460,5,0,0,0,0
460,6,0,0,0,0
460,7,0,0,0,0
460,8,0,0,0,0
461,1,2,2,1,0
461,2,2,2,2,1
461,3,1,1,1,0
461,4,0,0,0,0
461,5,1,1,1,0
461,6,1,1,1,0
461,7,2,2,1,0
461,8,0,0,0,0
462,1,1,1,1,0
462,2,0,0,0,0
462,3,0,0,0,0
462,4,1,1,0,0
462,5,0,0,0,0
462,6,1,1,1,0
462,7,0,0,0,0
462,8,0,0,0,0
463,1,0,0,0,0
463,2,1,1,0,0
463,3,0,0,0,0
463,4,0,0,0,0
463,5,0,0,0,0
463,6,0,0,0,0
463,7,1,1,1,1
463,8,0,0,0,0
464,1,0,0,0,0
464,2,0,0,0,0
464,3,0,0,0,0
464,4,0,0,0,0
464,5,2,1,1,0
464,6,0,0,0,0
464,7,0,0,0,0
464,8,0,0,0,0
465,1,0,0,0,0
465,2,0,0,0,0
465,3,0,0,0,0
465,4,0,0,0,0
465,5,2,1,1,1
465,6,0,0,0,0
465,7,0,0,0,0
465,8,0,0,0,0
466,1,5,0,0,0
466,2,5,0,0,0
466,3,5,0,0,0
466,4,6,0,0,0
466,5,7,0,0,0
466,6,4,1,0,0
466,7,6,0,0,0
466,8,6,0,0,0
467,1,1,0,0,0
467,2,0,0,0,0
467,3,0,0,0,0
467,4,0,0,0,0
467,5,0,0,0,0
467,6,1,0,0,0
467,7,0,0,0,0
467,8,0,0,0,0
468,1,0,0,0,0
468,2,0,0,0,0
468,3,0,0,0,0
468,4,0,0,0,0
468,5,0,0,0,0
468,6,0,0,0,0
468,7,0,0,0,0
468,8,0,0,0,0
469,1,58,1,0,0
469,2,52,0,0,0
469,3,47,1,0,0
469,4,32,1,0,0
469,5,56,2,0,0
469,6,61,1,0,0
469,7,37,1,0,0
469,8,42,0,0,0
470,1,0,0,0,0
470,2,0,0,0,0
470,3,1,0,0,0
470,4,0,0,0,0
470,5,0,0,0,0
470,6,1,0,0,0
470,7,0,0,0,0
470,8,0,0,0,0
471,1,14,0,0,0
471,2,18,0,0,0
471,3,25,0,0,0
471,4,25,0,0,0
471,5,26,0,0,0
471,6,18,1,0,0
471,7,16,2,0,0
471,8,19,0,0,0
472,1,0,0,0,0
472,2,2,0,0,0
472,3,1,0,0,0
472,4,0,0,0,0
472,5,2,0,0,0
472,6,0,0,0,0
472,7,1,0,0,0
472,8,0,0,0,0
473,1,0,0,0,0
473,2,0,0,0,0
473,3,1,0,0,0
473,4,0,0,0,0
473,5,0,0,0,0
473,6,1,0,0,0
473,7,0,0,0,0
473,8,0,0,0,0
474,1,22,0,0,0
474,2,25,4,1,0
474,3,21,1,1,0
474,4,18,0,0,0
474,5,19,0,0,0
474,6,34,0,0,0
474,7,20,0,0,0
474,8,22,0,0,0
475,1,1,0,0,0
475,2,0,0,0,0
475,3,1,0,0,0
475,4,1,0,0,0
475,5,1,0,0,0
475,6,1,0,0,0
475,7,0,0,0,0
475,8,0,0,0,0
476,1,38,2,0,0
476,2,27,0,0,0
476,3,30,0,0,0
476,4,29,1,1,0
476,5,33,1,0,0
476,6,34,0,0,0
476,7,30,0,0,0
476,8,34,0,0,0
477,1,0,0,0,0
477,2,0,0,0,0
477,3,0,0,0,0
477,4,1,1,1,1
477,5,0,0,0,0
477,6,0,0,0,0
477,7,1,0,0,0
477,8,1,0,0,0
478,1,16,1,0,0
478,2,11,2,0,0
478,3,10,1,0,0
478,4,9,1,0,0
478,5,8,1,0,0
478,6,10,0,0,0
478,7,14,0,0,0
478,8,9,1,0,0
479,1,3,0,0,0
479,2,2,0,0,0
479,3,3,0,0,0
479,4,4,2,1,0
479,5,6,0,0,0
479,6,4,0,0,0
479,7,2,0,0,0
479,8,5,0,0,0
480,1,0,0,0,0
480,2,0,0,0,0
480,3,0,0,0,0
480,4,0,0,0,0
480,5,0,0,0,0
480,6,0,0,0,0
480,7,0,0,0,0
480,8,0,0,0,0
481,1,1,1,0,0
481,2,2,1,1,1
481,3,2,1,1,0
481,4,0,0,0,0
481,5,0,0,0,0
481,6,0,0,0,0
481,7,1,0,0,0
481,8,0,0,0,0
482,1,0,0,0,0
482,2,0,0,0,0
482,3,0,0,0,0
482,4,1,1,1,1
482,5,1,1,0,0
482,6,0,0,0,0
482,7,0,0,0,0
482,8,1,1,1,0
483,1,5,5,1,0
483,2,1,1,0,0
483,3,1,1,0,0
483,4,1,1,1,0
483,5,2,2,1,0
483,6,1,1,1,0
483,7,0,0,0,0
483,8,1,1,0,0
484,1,0,0,0,0
484,2,0,0,0,0
484,3,0,0,0,0
484,4,0,0,0,0
484,5,0,0,0,0
484,6,0,0,0,0
484,7,0,0,0,0
484,8,1,1,1,0
485,1,0,0,0,0
485,2,1,1,1,0
485,3,0,0,0,0
485,4,1,1,1,1
485,5,1,1,1,1
485,6,2,2,2,0
485,7,0,0,0,0
485,8,0,0,0,0
486,1,0,0,0,0
486,2,0,0,0,0
486,3,0,0,0,0
486,4,1,1,1,0
486,5,0,0,0,0
486,6,1,1,1,0
486,7,0,0,0,0
486,8,0,0,0,0
487,1,5,4,0,0
487,2,3,2,1,0
487,3,3,3,2,0
487,4,4,1,0,0
487,5,2,1,1,0
487,6,1,1,0,0
487,7,5,4,2,0
487,8,5,3,1,0
488,1,2,1,1,0
488,2,1,0,0,0
488,3,0,0,0,0
488,4,0,0,0,0
488,5,0,0,0,0
488,6,1,0,0,0
488,7,0,0,0,0
488,8,0,0,0,0
489,1,0,0,0,0
489,2,0,0,0,0
489,3,0,0,0,0
489,4,0,0,0,0
489,5,0,0,0,0
489,6,1,1,1,1
489,7,0,0,0,0
489,8,0,0,0,0
490,1,33,1,0,0
490,2,30,2,0,0
490,3,28,0,0,0
490,4,32,2,0,0
490,5,26,1,0,0
490,6,23,0,0,0
490,7,28,0,0,0
490,8,34,1,0,0
491,1,1,1,1,0
491,2,0,0,0,0
491,3,2,1,1,0
491,4,0,0,0,0
491,5,0,0,0,0
491,6,0,0,0,0
491,7,0,0,0,0
491,8,0,0,0,0
492,1,40,0,0,0
492,2,48,0,0,0
492,3,58,0,0,0
492,4,46,0,0,0
492,5,49,0,0,0
492,6,39,0,0,0
492,7,39,0,0,0
492,8,43,1,0,0
493,1,10,0,0,0
493,2,15,0,0,0
493,3,11,0,0,0
493,4,18,0,0,0
493,5,16,2,0,0
493,6,14,0,0,0
493,7,23,0,0,0
493,8,19,0,0,0
494,1,0,0,0,0
494,2,0,0,0,0
494,3,0,0,0,0
494,4,0,0,0,0
494,5,1,0,0,0
494,6,0,0,0,0
494,7,0,0,0,0
494,8,0,0,0,0
495,1,23,1,0,0
495,2,26,0,0,0
495,3,20,0,0,0
495,4,24,0,0,0
495,5,22,0,0,0
495,6,27,0,0,0
495,7,29,0,0,0
495,8,28,0,0,0
496,1,6,0,0,0
496,2,9,0,0,0
496,3,5,0,0,0
496,4,7,0,0,0
496,5,11,0,0,0
496,6,8,0,0,0
496,7,8,0,0,0
496,8,7,0,0,0
497,1,1,0,0,0
497,2,0,0,0,0
497,3,0,0,0,0
497,4,0,0,0,0
497,5,0,0,0,0
497,6,0,0,0,0
497,7,0,0,0,0
497,8,1,0,0,0
498,1,0,0,0,0
498,2,0,0,0,0
498,3,0,0,0,0
498,4,0,0,0,0
498,5,0,0,0,0
498,6,1,1,1,0
498,7,0,0,0,0
498,8,0,0,0,0
499,1,0,0,0,0
499,2,0,0,0,0
499,3,0,0,0,0
499,4,0,0,0,0
499,5,0,0,0,0
499,6,1,0,0,0
499,7,0,0,0,0
499,8,0,0,0,0
500,1,50,1,0,0
500,2,42,3,0,0
500,3,48,1,0,0
500,4,38,1,0,0
500,5,44,1,1,0
500,6,49,1,0,0
500,7,47,0,0,0
500,8,48,1,0,0
501,1,1,0,0,0
501,2,1,1,1,1
501,3,0,0,0,0
501,4,0,0,0,0
501,5,1,0,0,0
501,6,0,0,0,0
501,7,0,0,0,0
501,8,0,0,0,0
502,1,3,1,1,0
502,2,3,0,0,0
502,3,2,0,0,0
502,4,1,0,0,0
502,5,1,0,0,0
502,6,1,0,0,0
502,7,1,0,0,0
502,8,3,0,0,0
503,1,8,0,0,0
503,2,11,0,0,0
503,3,8,1,0,0
503,4,8,1,1,0
503,5,6,1,0,0
503,6,11,1,0,0
503,7,8,1,0,0
503,8,5,0,0,0
504,1,0,0,0,0
504,2,0,0,0,0
504,3,0,0,0,0
504,4,0,0,0,0
504,5,1,1,1,0
504,6,0,0,0,0
504,7,0,0,0,0
504,8,0,0,0,0
505,1,2,0,0,0
505,2,1,0,0,0
505,3,0,0,0,0
505,4,2,1,1,0
505,5,2,1,0,0
505,6,3,1,1,0
505,7,6,2,1,0
505,8,2,1,1,0
506,1,0,0,0,0
506,2,1,1,1,0
506,3,0,0,0,0
506,4,0,0,0,0
506,5,0,0,0,0
506,6,0,0,0,0
506,7,0,0,0,0
506,8,0,0,0,0
507,1,0,0,0,0
507,2,1,1,1,1
507,3,0,0,0,0
507,4,1,1,1,0
507,5,0,0,0,0
507,6,0,0,0,0
507,7,0,0,0,0
507,8,0,0,0,0
508,1,0,0,0,0
508,2,0,0,0,0
508,3,0,0,0,0
508,4,1,1,1,0
508,5,0,0,0,0
508,6,0,0,0,0
508,7,0,0,0,0
508,8,0,0,0,0
509,1,4,4,3,0
509,2,1,1,0,0
509,3,1,1,1,0
509,4,1,1,1,0
509,5,1,1,0,0
509,6,3,3,3,0
509,7,0,0,0,0
509,8,0,0,0,0
510,1,0,0,0,0
510,2,1,1,1,0
510,3,0,0,0,0
510,4,0,0,0,0
510,5,0,0,0,0
510,6,1,1,1,0
510,7,1,1,1,0
510,8,0,0,0,0
511,1,0,0,0,0
511,2,0,0,0,0
511,3,0,0,0,0
511,4,0,0,0,0
511,5,0,0,0,0
511,6,1,1,0,0
511,7,0,0,0,0
511,8,1,1,1,1
512,1,0,0,0,0
512,2,0,0,0,0
512,3,0,0,0,0
512,4,0,0,0,0
512,5,0,0,0,0
512,6,0,0,0,0
512,7,1,1,0,0
512,8,0,0,0,0
513,1,0,0,0,0
513,2,1,0,0,0
513,3,0,0,0,0
513,4,0,0,0,0
513,5,1,0,0,0
513,6,0,0,0,0
513,7,0,0,0,0
513,8,0,0,0,0
514,1,66,1,0,0
514,2,71,4,0,0
514,3,76,1,0,0
514,4,67,2,0,0
514,5,65,2,0,0
514,6,80,1,0,0
514,7,79,0,0,0
514,8,78,2,0,0
515,1,0,0,0,0
515,2,0,0,0,0
515,3,0,0,0,0
515,4,0,0,0,0
515,5,0,0,0,0
515,6,0,0,0,0
515,7,0,0,0,0
515,8,1,0,0,0
516,1,0,0,0,0
516,2,0,0,0,0
516,3,0,0,0,0
516,4,0,0,0,0
516,5,0,0,0,0
516,6,0,0,0,0
516,7,0,0,0,0
516,8,0,0,0,0
517,1,9,0,0,0
517,2,12,0,0,0
517,3,9,0,0,0
517,4,12,0,0,0
517,5,10,0,0,0
517,6,14,0,0,0
517,7,8,0,0,0
517,8,11,0,0,0
518,1,30,1,0,0
518,2,29,0,0,0
518,3,30,1,0,0
518,4,34,0,0,0
518,5,33,0,0,0
518,6,27,0,0,0
518,7,30,0,0,0
518,8,26,0,0,0
519,1,0,0,0,0
519,2,0,0,0,0
519,3,0,0,0,0
519,4,0,0,0,0
519,5,1,0,0,0
519,6,0,0,0,0
519,7,0,0,0,0
519,8,0,0,0,0
520,1,30,0,0,0
520,2,19,0,0,0
520,3,18,1,1,1
520,4,30,0,0,0
520,5,27,1,0,0
520,6,30,0,0,0
520,7,26,1,1,1
520,8,28,0,0,0
521,1,1,0,0,0
521,2,0,0,0,0
521,3,0,0,0,0
521,4,1,0,0,0
521,5,0,0,0,0
521,6,0,0,0,0
521,7,0,0,0,0
521,8,0,0,0,0
522,1,154,3,0,0
522,2,177,2,0,0
522,3,145,2,0,0
522,4,145,0,0,0
522,5,167,2,0,0
522,6,170,3,0,0
522,7,170,1,0,0
522,8,140,4,0,0
523,1,0,0,0,0
523,2,0,0,0,0
523,3,0,0,0,0
523,4,1,0,0,0
523,5,1,0,0,0
523,6,0,0,0,0
523,7,0,0,0,0
523,8,0,0,0,0
524,1,25,2,1,0
524,2,26,2,0,0
524,3,17,1,0,0
524,4,16,0,0,0
524,5,19,0,0,0
524,6,17,0,0,0
524,7,24,0,0,0
524,8,18,0,0,0
525,1,54,0,0,0
525,2,57,1,0,0
525,3,48,1,0,0
525,4,49,1,0,0
525,5,41,3,0,0
525,6,50,2,0,0
525,7,45,2,0,0
525,8,47,4,1,0
526,1,15,2,1,0
526,2,16,2,0,0
526,3,13,0,0,0
526,4,16,1,0,0
526,5,11,0,0,0
526,6,15,0,0,0
526,7,17,0,0,0
526,8,16,1,0,0
527,1,21,1,0,0
527,2,13,1,1,0
527,3,14,3,1,0
527,4,10,0,0,0
527,5,8,1,0,0
527,6,20,0,0,0
527,7,12,0,0,0
527,8,9,0,0,0
528,1,3,0,0,0
528,2,6,0,0,0
528,3,3,0,0,0
528,4,3,1,0,0
528,5,1,0,0,0
528,6,5,0,0,0
528,7,2,0,0,0
528,8,2,1,0,0
529,1,0,0,0,0
529,2,2,1,1,0
529,3,1,0,0,0
529,4,1,0,0,0
529,5,0,0,0,0
529,6,0,0,0,0
529,7,0,0,0,0
529,8,0,0,0,0
530,1,1,1,0,0
530,2,1,1,0,0
530,3,6,6,1,0
530,4,3,2,1,0
530,5,2,2,0,0
530,6,4,3,0,0
530,7,4,2,0,0
530,8,1,1,1,0
531,1,0,0,0,0
531,2,0,0,0,0
531,3,1,1,1,1
531,4,0,0,0,0
531,5,1,1,1,0
531,6,2,2,0,0
531,7,0,0,0,0
531,8,2,2,1,0
532,1,2,2,1,0
532,2,0,0,0,0
532,3,2,2,1,0
532,4,1,1,1,0
532,5,1,1,1,0
532,6,0,0,0,0
532,7,1,1,0,0
532,8,0,0,0,0
533,1,0,0,0,0
533,2,1,1,0,0
533,3,0,0,0,0
533,4,0,0,0,0
533,5,0,0,0,0
533,6,0,0,0,0
533,7,0,0,0,0
533,8,0,0,0,0
534,1,1,1,0,0
534,2,4,4,1,0
534,3,2,2,0,0
534,4,3,3,2,1
534,5,2,2,2,0
534,6,4,4,2,0
534,7,2,2,1,0
534,8,1,1,1,0
535,1,0,0,0,0
535,2,0,0,0,0
535,3,0,0,0,0
535,4,0,0,0,0
535,5,0,0,0,0
535,6,0,0,0,0
535,7,0,0,0,0
535,8,0,0,0,0
536,1,0,0,0,0
536,2,0,0,0,0
536,3,0,0,0,0
536,4,1,0,0,0
536,5,0,0,0,0
536,6,0,0,0,0
536,7,0,0,0,0
536,8,0,0,0,0
537,1,1,0,0,0
537,2,0,0,0,0
537,3,0,0,0,0
537,4,1,0,0,0
537,5,1,0,0,0
537,6,0,0,0,0
537,7,0,0,0,0
537,8,0,0,0,0
538,1,20,0,0,0
538,2,23,1,0,0
538,3,17,0,0,0
538,4,29,1,0,0
538,5,18,0,0,0
538,6,24,0,0,0
538,7,22,2,1,1
538,8,25,1,0,0
539,1,0,0,0,0
539,2,0,0,0,0
539,3,0,0,0,0
539,4,0,0,0,0
539,5,0,0,0,0
539,6,0,0,0,0
539,7,0,0,0,0
539,8,0,0,0,0
540,1,44,0,0,0
540,2,40,0,0,0
540,3,37,0,0,0
540,4,47,1,0,0
540,5,37,0,0,0
540,6,49,1,0,0
540,7,42,3,1,1
540,8,46,0,0,0
541,1,0,0,0,0
541,2,0,0,0,0
541,3,0,0,0,0
541,4,0,0,0,0
541,5,0,0,0,0
541,6,0,0,0,0
541,7,0,0,0,0
541,8,0,0,0,0
542,1,37,0,0,0
542,2,39,1,0,0
542,3,41,2,0,0
542,4,43,1,0,0
542,5,28,0,0,0
542,6,35,0,0,0
542,7,37,0,0,0
542,8,48,0,0,0
543,1,1,1,1,1
543,2,0,0,0,0
543,3,0,0,0,0
543,4,0,0,0,0
543,5,0,0,0,0
543,6,0,0,0,0
543,7,0,0,0,0
543,8,0,0,0,0
544,1,86,2,0,0
544,2,85,0,0,0
544,3,84,1,0,0
544,4,81,0,0,0
544,5,80,2,0,0
544,6,86,0,0,0
544,7,73,0,0,0
544,8,91,1,0,0
545,1,25,0,0,0
545,2,33,0,0,0
545,3,36,0,0,0
545,4,19,0,0,0
545,5,30,0,0,0
545,6,25,2,0,0
545,7,33,1,0,0
545,8,21,0,0,0
546,1,68,0,0,0
546,2,64,0,0,0
546,3,56,3,0,0
546,4,59,0,0,0
546,5,67,1,0,0
546,6,79,0,0,0
546,7,72,0,0,0
546,8,70,2,0,0
547,1,18,1,0,0
547,2,29,0,0,0
547,3,24,0,0,0
547,4,17,1,1,0
547,5,23,1,0,0
547,6,19,0,0,0
547,7,15,0,0,0
547,8,23,0,0,0
548,1,47,0,0,0
548,2,52,1,0,0
548,3,48,2,0,0
548,4,35,0,0,0
548,5,43,1,0,0
548,6,46,1,0,0
548,7,44,2,1,0
548,8,56,0,0,0
549,1,1,0,0,0
549,2,2,0,0,0
549,3,1,0,0,0
549,4,5,0,0,0
549,5,4,1,0,0
549,6,2,0,0,0
549,7,4,1,0,0
549,8,0,0,0,0
550,1,35,2,1,0
550,2,26,0,0,0
550,3,17,3,0,0
550,4,28,1,0,0
550,5,31,1,0,0
550,6,29,0,0,0
550,7,16,0,0,0
550,8,18,0,0,0
551,1,2,1,0,0
551,2,4,0,0,0
551,3,1,0,0,0
551,4,2,0,0,0
551,5,4,0,0,0
551,6,5,1,1,0
551,7,5,0,0,0
551,8,2,0,0,0
552,1,5,0,0,0
552,2,5,0,0,0
552,3,6,0,0,0
552,4,10,0,0,0
552,5,0,0,0,0
552,6,4,0,0,0
552,7,4,0,0,0
552,8,2,1,0,0
553,1,0,0,0,0
553,2,0,0,0,0
553,3,1,0,0,0
553,4,0,0,0,0
553,5,0,0,0,0
553,6,1,0,0,0
553,7,0,0,0,0
553,8,0,0,0,0
554,1,0,0,0,0
554,2,1,1,1,1
554,3,0,0,0,0
554,4,0,0,0,0
554,5,0,0,0,0
554,6,0,0,0,0
554,7,0,0,0,0
554,8,0,0,0,0
555,1,0,0,0,0
555,2,0,0,0,0
555,3,0,0,0,0
555,4,1,1,0,0
555,5,1,1,0,0
555,6,0,0,0,0
555,7,0,0,0,0
555,8,1,1,0,0
556,1,0,0,0,0
556,2,0,0,0,0
556,3,0,0,0,0
556,4,0,0,0,0
556,5,0,0,0,0
556,6,0,0,0,0
556,7,0,0,0,0
556,8,1,1,1,0
557,1,0,0,0,0
557,2,0,0,0,0
557,3,0,0,0,0
557,4,0,0,0,0
557,5,0,0,0,0
557,6,2,2,2,1
557,7,1,1,1,0
557,8,1,1,1,0
558,1,0,0,0,0
558,2,0,0,0,0
558,3,0,0,0,0
558,4,0,0,0,0
558,5,0,0,0,0
558,6,0,0,0,0
558,7,1,1,1,1
558,8,0,0,0,0
559,1,0,0,0,0
559,2,2,2,1,0
559,3,0,0,0,0
559,4,0,0,0,0
559,5,0,0,0,0
559,6,1,1,0,0
559,7,0,0,0,0
559,8,0,0,0,0
560,1,0,0,0,0
560,2,0,0,0,0
560,3,0,0,0,0
560,4,0,0,0,0
560,5,0,0,0,0
560,6,0,0,0,0
560,7,0,0,0,0
560,8,0,0,0,0
561,1,2,0,0,0
561,2,0,0,0,0
561,3,0,0,0,0
561,4,0,0,0,0
561,5,0,0,0,0
561,6,0,0,0,0
561,7,0,0,0,0
561,8,0,0,0,0
562,1,1,0,0,0
562,2,1,0,0,0
562,3,1,0,0,0
562,4,0,0,0,0
562,5,0,0,0,0
562,6,0,0,0,0
562,7,0,0,0,0
562,8,0,0,0,0
563,1,28,0,0,0
563,2,23,1,0,0
563,3,26,2,0,0
563,4,18,2,0,0
563,5,21,0,0,0
563,6,29,0,0,0
563,7,34,0,0,0
563,8,29,0,0,0
564,1,37,0,0,0
564,2,29,0,0,0
564,3,26,0,0,0
564,4,32,0,0,0
564,5,31,0,0,0
564,6,29,0,0,0
564,7,40,0,0,0
564,8,29,0,0,0
565,1,48,2,0,0
565,2,48,1,0,0
565,3,46,0,0,0
565,4,42,0,0,0
565,5,52,1,0,0
565,6,49,1,0,0
565,7,57,0,0,0
565,8,47,0,0,0
566,1,12,1,0,0
566,2,17,0,0,0
566,3,6,0,0,0
566,4,10,0,0,0
566,5,14,1,1,0
566,6,12,0,0,0
566,7,11,0,0,0
566,8,9,1,0,0
567,1,30,1,1,0
567,2,45,1,0,0
567,3,41,1,0,0
567,4,40,0,0,0
567,5,32,0,0,0
567,6,41,0,0,0
567,7,38,0,0,0
567,8,29,0,0,0
568,1,0,0,0,0
568,2,0,0,0,0
568,3,1,0,0,0
568,4,0,0,0,0
568,5,1,1,0,0
568,6,0,0,0,0
568,7,0,0,0,0
568,8,2,0,0,0
569,1,5,0,0,0
569,2,8,0,0,0
569,3,10,0,0,0
569,4,8,0,0,0
569,5,12,0,0,0
569,6,13,0,0,0
569,7,5,0,0,0
569,8,11,0,0,0
570,1,15,1,0,0
570,2,11,0,0,0
570,3,15,1,0,0
570,4,27,0,0,0
570,5,16,0,0,0
570,6,19,1,0,0
570,7,24,1,0,0
570,8,19,0,0,0
571,1,36,0,0,0
571,2,38,0,0,0
571,3,41,2,0,0
571,4,26,0,0,0
571,5,40,1,0,0
571,6,39,0,0,0
571,7,30,1,0,0
571,8,31,2,0,0
572,1,0,0,0,0
572,2,0,0,0,0
572,3,0,0,0,0
572,4,0,0,0,0
572,5,1,0,0,0
572,6,1,0,0,0
572,7,0,0,0,0
572,8,0,0,0,0
573,1,21,1,0,0
573,2,25,1,0,0
573,3,21,2,0,0
573,4,25,2,0,0
573,5,34,1,0,0
573,6,20,0,0,0
573,7,17,0,0,0
573,8,22,0,0,0
574,1,16,0,0,0
574,2,15,0,0,0
574,3,18,0,0,0
574,4,20,1,0,0
574,5,16,0,0,0
574,6,11,1,0,0
574,7,19,0,0,0
574,8,18,0,0,0
575,1,0,0,0,0
575,2,0,0,0,0
575,3,0,0,0,0
575,4,0,0,0,0
575,5,0,0,0,0
575,6,0,0,0,0
575,7,0,0,0,0
575,8,0,0,0,0
576,1,2,0,0,0
576,2,0,0,0,0
576,3,3,1,0,0
576,4,4,0,0,0
576,5,4,2,1,0
576,6,3,0,0,0
576,7,0,0,0,0
576,8,2,0,0,0
577,1,3,1,1,0
577,2,3,2,0,0
577,3,2,0,0,0
577,4,3,1,0,0
577,5,0,0,0,0
577,6,1,1,1,0
577,7,2,1,0,0
577,8,3,0,0,0
578,1,0,0,0,0
578,2,0,0,0,0
578,3,0,0,0,0
578,4,1,1,0,0
578,5,1,0,0,0
578,6,2,2,1,1
578,7,1,0,0,0
578,8,0,0,0,0
579,1,0,0,0,0
579,2,0,0,0,0
579,3,0,0,0,0
579,4,0,0,0,0
579,5,0,0,0,0
579,6,0,0,0,0
579,7,0,0,0,0
579,8,0,0,0,0
580,1,2,2,0,0
580,2,0,0,0,0
580,3,0,0,0,0
580,4,2,2,2,0
580,5,0,0,0,0
580,6,2,2,1,0
580,7,0,0,0,0
580,8,0,0,0,0
581,1,0,0,0,0
581,2,2,2,2,1
581,3,0,0,0,0
581,4,0,0,0,0
581,5,0,0,0,0
581,6,0,0,0,0
581,7,0,0,0,0
581,8,0,0,0,0
582,1,2,2,1,0
582,2,2,2,1,0
582,3,1,1,1,0
582,4,3,3,2,0
582,5,2,2,2,0
582,6,1,1,0,0
582,7,4,4,1,1
582,8,1,1,1,0
583,1,0,0,0,0
583,2,1,1,1,0
583,3,0,0,0,0
583,4,0,0,0,0
583,5,0,0,0,0
583,6,0,0,0,0
583,7,1,0,0,0
583,8,0,0,0,0
584,1,2,0,0,0
584,2,4,0,0,0
584,3,2,0,0,0
584,4,3,0,0,0
584,5,1,0,0,0
584,6,0,0,0,0
584,7,1,0,0,0
584,8,4,0,0,0
585,1,13,0,0,0
585,2,18,0,0,0
585,3,11,1,0,0
585,4,17,0,0,0
585,5,5,0,0,0
585,6,13,0,0,0
585,7,21,0,0,0
585,8,13,0,0,0
586,1,9,0,0,0
586,2,9,0,0,0
586,3,12,1,0,0
586,4,8,1,0,0
586,5,5,0,0,0
586,6,8,0,0,0
586,7,12,1,0,0
586,8,16,2,2,1
587,1,14,0,0,0
587,2,20,0,0,0
587,3,22,1,0,0
587,4,25,0,0,0
587,5,23,1,0,0
587,6,32,1,0,0
587,7,14,0,0,0
587,8,23,0,0,0
588,1,27,0,0,0
588,2,27,0,0,0
588,3,48,1,0,0
588,4,48,0,0,0
588,5,37,0,0,0
588,6,43,0,0,0
588,7,34,0,0,0
588,8,40,0,0,0
589,1,62,1,0,0
589,2,58,0,0,0
589,3,41,0,0,0
589,4,77,0,0,0
589,5,53,1,0,0
589,6,56,0,0,0
589,7,53,1,0,0
589,8,42,0,0,0
590,1,55,1,0,0
590,2,65,1,1,0
590,3,66,1,0,0
590,4,53,1,0,0
590,5,52,0,0,0
590,6,62,2,0,0
590,7,67,1,0,0
590,8,54,1,0,0
591,1,1,0,0,0
591,2,0,0,0,0
591,3,0,0,0,0
591,4,0,0,0,0
591,5,2,0,0,0
591,6,3,0,0,0
591,7,1,0,0,0
591,8,0,0,0,0
592,1,45,0,0,0
592,2,51,0,0,0
592,3,51,2,0,0
592,4,40,0,0,0
592,5,50,1,0,0
592,6,48,0,0,0
592,7,44,1,1,0
592,8,46,0,0,0
593,1,0,0,0,0
593,2,0,0,0,0
593,3,0,0,0,0
593,4,0,0,0,0
593,5,0,0,0,0
593,6,0,0,0,0
593,7,0,0,0,0
593,8,0,0,0,0
594,1,52,0,0,0
594,2,82,0,0,0
594,3,56,0,0,0
594,4,58,1,0,0
594,5,43,2,0,0
594,6,65,1,0,0
594,7,62,0,0,0
594,8,57,1,0,0
595,1,48,0,0,0
595,2,47,1,0,0
595,3,42,0,0,0
595,4,50,1,0,0
595,5,47,1,0,0
595,6,45,0,0,0
595,7,43,2,0,0
595,8,51,0,0,0
596,1,57,0,0,0
596,2,66,1,0,0
596,3,68,2,0,0
596,4,60,3,0,0
596,5,68,2,0,0
596,6,70,2,1,0
596,7,63,1,0,0
596,8,90,1,0,0
597,1,18,2,0,0
597,2,17,2,0,0
597,3,20,0,0,0
597,4,17,0,0,0
597,5,10,0,0,0
597,6,19,0,0,0
597,7,12,0,0,0
597,8,16,1,0,0
598,1,5,0,0,0
598,2,5,0,0,0
598,3,3,0,0,0
598,4,4,0,0,0
598,5,4,0,0,0
598,6,2,0,0,0
598,7,9,0,0,0
598,8,3,0,0,0
599,1,4,1,0,0
599,2,10,2,0,0
599,3,10,0,0,0
599,4,8,1,0,0
599,5,5,0,0,0
599,6,5,1,0,0
599,7,10,0,0,0
599,8,12,2,0,0
600,1,3,1,0,0
600,2,0,0,0,0
600,3,1,1,1,0
600,4,0,0,0,0
600,5,0,0,0,0
600,6,0,0,0,0
600,7,1,1,1,0
600,8,0,0,0,0
601,1,3,2,0,0
601,2,4,1,0,0
601,3,5,4,1,0
601,4,2,1,0,0
601,5,6,1,0,0
601,6,2,0,0,0
601,7,4,2,0,0
601,8,4,4,0,0
602,1,0,0,0,0
602,2,0,0,0,0
602,3,0,0,0,0
602,4,0,0,0,0
602,5,0,0,0,0
602,6,0,0,0,0
602,7,0,0,0,0
602,8,1,1,0,0
603,1,0,0,0,0
603,2,0,0,0,0
603,3,0,0,0,0
603,4,1,1,1,0
603,5,1,1,1,0
603,6,0,0,0,0
603,7,1,1,0,0
603,8,1,1,0,0
604,1,0,0,0,0
604,2,0,0,0,0
604,3,0,0,0,0
604,4,0,0,0,0
604,5,1,1,1,1
604,6,0,0,0,0
604,7,0,0,0,0
604,8,0,0,0,0
605,1,0,0,0,0
605,2,0,0,0,0
605,3,0,0,0,0
605,4,0,0,0,0
605,5,0,0,0,0
605,6,0,0,0,0
605,7,1,1,1,0
605,8,0,0,0,0
606,1,0,0,0,0
606,2,0,0,0,0
606,3,0,0,0,0
606,4,0,0,0,0
606,5,0,0,0,0
606,6,0,0,0,0
606,7,0,0,0,0
606,8,0,0,0,0
607,1,0,0,0,0
607,2,0,0,0,0
607,3,0,0,0,0
607,4,0,0,0,0
607,5,0,0,0,0
607,6,0,0,0,0
607,7,0,0,0,0
607,8,1,1,0,0
608,1,9,2,2,0
608,2,5,0,0,0
608,3,5,1,0,0
608,4,5,2,0,0
608,5,8,1,1,0
608,6,11,3,0,0
608,7,8,5,0,0
608,8,1,0,0,0
609,1,1,0,0,0
609,2,0,0,0,0
609,3,0,0,0,0
609,4,1,0,0,0
609,5,0,0,0,0
609,6,0,0,0,0
609,7,0,0,0,0
609,8,0,0,0,0
610,1,4,0,0,0
610,2,8,0,0,0
610,3,7,0,0,0
610,4,7,0,0,0
610,5,2,0,0,0
610,6,9,0,0,0
610,7,11,0,0,0
610,8,5,0,0,0
611,1,0,0,0,0
611,2,0,0,0,0
611,3,0,0,0,0
611,4,0,0,0,0
611,5,0,0,0,0
611,6,0,0,0,0
611,7,1,1,1,0
611,8,2,0,0,0
612,1,25,0,0,0
612,2,14,0,0,0
612,3,32,1,0,0
612,4,18,1,0,0
612,5,18,0,0,0
612,6,23,0,0,0
612,7,15,0,0,0
612,8,19,1,1,0
613,1,1,0,0,0
613,2,0,0,0,0
613,3,1,0,0,0
613,4,1,0,0,0
613,5,0,0,0,0
613,6,2,0,0,0
613,7,0,0,0,0
613,8,1,1,1,1
614,1,10,0,0,0
614,2,8,0,0,0
614,3,13,0,0,0
614,4,7,0,0,0
614,5,7,0,0,0
614,6,9,0,0,0
614,7,10,0,0,0
614,8,11,0,0,0
615,1,0,0,0,0
615,2,0,0,0,0
615,3,2,0,0,0
615,4,0,0,0,0
615,5,0,0,0,0
615,6,0,0,0,0
615,7,0,0,0,0
615,8,0,0,0,0
616,1,0,0,0,0
616,2,0,0,0,0
616,3,0,0,0,0
616,4,0,0,0,0
616,5,0,0,0,0
616,6,0,0,0,0
616,7,0,0,0,0
616,8,0,0,0,0
617,1,19,0,0,0
617,2,22,1,0,0
617,3,35,1,0,0
617,4,20,0,0,0
617,5,32,1,0,0
617,6,25,0,0,0
617,7,22,2,1,0
617,8,25,0,0,0
618,1,0,0,0,0
618,2,0,0,0,0
618,3,0,0,0,0
618,4,0,0,0,0
618,5,0,0,0,0
618,6,0,0,0,0
618,7,0,0,0,0
618,8,0,0,0,0
619,1,28,0,0,0
619,2,27,0,0,0
619,3,23,0,0,0
619,4,20,0,0,0
619,5,26,0,0,0
619,6,23,0,0,0
619,7,27,0,0,0
619,8,19,0,0,0
620,1,0,0,0,0
620,2,1,0,0,0
620,3,0,0,0,0
620,4,0,0,0,0
620,5,1,0,0,0
620,6,0,0,0,0
620,7,0,0,0,0
620,8,0,0,0,0
621,1,7,1,0,0
621,2,5,0,0,0
621,3,3,0,0,0
621,4,10,0,0,0
621,5,8,0,0,0
621,6,5,0,0,0
621,7,5,0,0,0
621,8,4,1,0,0
622,1,0,0,0,0
622,2,0,0,0,0
622,3,0,0,0,0
622,4,0,0,0,0
622,5,0,0,0,0
622,6,0,0,0,0
622,7,0,0,0,0
622,8,0,0,0,0
623,1,0,0,0,0
623,2,0,0,0,0
623,3,0,0,0,0
623,4,0,0,0,0
623,5,0,0,0,0
623,6,0,0,0,0
623,7,0,0,0,0
623,8,0,0,0,0
624,1,0,0,0,0
624,2,0,0,0,0
624,3,1,1,1,0
624,4,0,0,0,0
624,5,0,0,0,0
624,6,1,1,0,0
624,7,1,0,0,0
624,8,0,0,0,0
625,1,1,1,1,0
625,2,0,0,0,0
625,3,0,0,0,0
625,4,0,0,0,0
625,5,1,1,0,0
625,6,0,0,0,0
625,7,1,1,0,0
625,8,1,1,0,0
626,1,1,1,0,0
626,2,0,0,0,0
626,3,0,0,0,0
626,4,0,0,0,0
626,5,0,0,0,0
626,6,0,0,0,0
626,7,0,0,0,0
626,8,0,0,0,0
627,1,0,0,0,0
627,2,0,0,0,0
627,3,0,0,0,0
627,4,0,0,0,0
627,5,0,0,0,0
627,6,0,0,0,0
627,7,0,0,0,0
627,8,0,0,0,0
628,1,0,0,0,0
628,2,0,0,0,0
628,3,0,0,0,0
628,4,0,0,0,0
628,5,0,0,0,0
628,6,1,1,1,0
628,7,0,0,0,0
628,8,0,0,0,0
629,1,1,1,1,0
629,2,2,2,2,0
629,3,0,0,0,0
629,4,0,0,0,0
629,5,1,1,1,0
629,6,0,0,0,0
629,7,0,0,0,0
629,8,0,0,0,0
630,1,2,2,1,0
630,2,2,2,2,0
630,3,0,0,0,0
630,4,2,2,1,0
630,5,1,1,0,0
630,6,0,0,0,0
630,7,1,1,0,0
630,8,1,1,0,0
631,1,0,0,0,0
631,2,0,0,0,0
631,3,1,1,1,0
631,4,0,0,0,0
631,5,1,1,1,1
631,6,0,0,0,0
631,7,0,0,0,0
631,8,0,0,0,0
632,1,0,0,0,0
632,2,0,0,0,0
632,3,0,0,0,0
632,4,0,0,0,0
632,5,0,0,0,0
632,6,0,0,0,0
632,7,0,0,0,0
632,8,0,0,0,0
633,1,0,0,0,0
633,2,1,0,0,0
633,3,0,0,0,0
633,4,1,0,0,0
633,5,0,0,0,0
633,6,0,0,0,0
633,7,0,0,0,0
633,8,0,0,0,0
634,1,0,0,0,0
634,2,0,0,0,0
634,3,1,0,0,0
634,4,0,0,0,0
634,5,0,0,0,0
634,6,0,0,0,0
634,7,0,0,0,0
634,8,1,0,0,0
635,1,0,0,0,0
635,2,1,0,0,0
635,3,0,0,0,0
635,4,0,0,0,0
635,5,0,0,0,0
635,6,0,0,0,0
635,7,0,0,0,0
635,8,0,0,0,0
636,1,1,0,0,0
636,2,0,0,0,0
636,3,1,0,0,0
636,4,0,0,0,0
636,5,0,0,0,0
636,6,0,0,0,0
636,7,0,0,0,0
636,8,0,0,0,0
637,1,24,0,0,0
637,2,31,1,0,0
637,3,28,0,0,0
637,4,25,0,0,0
637,5,37,0,0,0
637,6,33,0,0,0
637,7,25,1,0,0
637,8,21,0,0,0
638,1,0,0,0,0
638,2,0,0,0,0
638,3,0,0,0,0
638,4,0,0,0,0
638,5,0,0,0,0
638,6,2,1,1,0
638,7,0,0,0,0
638,8,0,0,0,0
639,1,0,0,0,0
639,2,1,0,0,0
639,3,1,0,0,0
639,4,0,0,0,0
639,5,0,0,0,0
639,6,0,0,0,0
639,7,0,0,0,0
639,8,0,0,0,0
640,1,12,0,0,0
640,2,10,0,0,0
640,3,17,0,0,0
640,4,9,0,0,0
640,5,13,0,0,0
640,6,8,0,0,0
640,7,11,0,0,0
640,8,11,0,0,0
641,1,0,0,0,0
641,2,0,0,0,0
641,3,0,0,0,0
641,4,0,0,0,0
641,5,0,0,0,0
641,6,0,0,0,0
641,7,1,0,0,0
641,8,0,0,0,0
642,1,8,0,0,0
642,2,8,0,0,0
642,3,6,0,0,0
642,4,7,0,0,0
642,5,12,0,0,0
642,6,8,0,0,0
642,7,10,0,0,0
642,8,10,0,0,0
643,1,0,0,0,0
643,2,2,0,0,0
643,3,0,0,0,0
643,4,0,0,0,0
643,5,0,0,0,0
643,6,0,0,0,0
643,7,1,0,0,0
643,8,0,0,0,0
644,1,23,2,1,1
644,2,20,0,0,0
644,3,20,0,0,0
644,4,19,0,0,0
644,5,20,1,0,0
644,6,11,0,0,0
644,7,11,0,0,0
644,8,28,0,0,0
645,1,0,0,0,0
645,2,0,0,0,0
645,3,1,0,0,0
645,4,0,0,0,0
645,5,0,0,0,0
645,6,0,0,0,0
645,7,0,0,0,0
645,8,1,0,0,0
646,1,0,0,0,0
646,2,0,0,0,0
646,3,0,0,0,0
646,4,1,1,0,0
646,5,0,0,0,0
646,6,0,0,0,0
646,7,1,1,0,0
646,8,1,1,0,0
647,1,0,0,0,0
647,2,0,0,0,0
647,3,0,0,0,0
647,4,1,1,1,0
647,5,0,0,0,0
647,6,0,0,0,0
647,7,0,0,0,0
647,8,0,0,0,0
648,1,0,0,0,0
648,2,0,0,0,0
648,3,0,0,0,0
648,4,1,0,0,0
648,5,2,1,1,0
648,6,1,0,0,0
648,7,1,1,1,0
648,8,1,0,0,0
649,1,2,0,0,0
649,2,1,0,0,0
649,3,0,0,0,0
649,4,1,0,0,0
649,5,0,0,0,0
649,6,3,0,0,0
649,7,4,2,0,0
649,8,2,0,0,0
650,1,1,0,0,0
650,2,1,1,1,1
650,3,0,0,0,0
650,4,0,0,0,0
650,5,0,0,0,0
650,6,0,0,0,0
650,7,0,0,0,0
650,8,0,0,0,0
651,1,0,0,0,0
651,2,1,1,1,1
651,3,0,0,0,0
651,4,0,0,0,0
651,5,1,1,1,1
651,6,0,0,0,0
651,7,0,0,0,0
651,8,0,0,0,0
652,1,1,1,0,0
652,2,0,0,0,0
652,3,0,0,0,0
652,4,1,1,1,0
652,5,0,0,0,0
652,6,1,1,1,1
652,7,0,0,0,0
652,8,0,0,0,0
653,1,0,0,0,0
653,2,0,0,0,0
653,3,0,0,0,0
653,4,0,0,0,0
653,5,0,0,0,0
653,6,0,0,0,0
653,7,0,0,0,0
653,8,1,1,1,1
654,1,0,0,0,0
654,2,0,0,0,0
654,3,0,0,0,0
654,4,0,0,0,0
654,5,1,1,1,1
654,6,0,0,0,0
654,7,0,0,0,0
654,8,0,0,0,0
655,1,0,0,0,0
655,2,0,0,0,0
655,3,1,1,0,0
655,4,0,0,0,0
655,5,0,0,0,0
655,6,0,0,0,0
655,7,0,0,0,0
655,8,0,0,0,0
656,1,11,5,1,0
656,2,18,5,0,0
656,3,15,2,1,1
656,4,12,2,1,0
656,5,12,4,0,0
656,6,8,3,0,0
656,7,19,5,2,0
656,8,11,1,0,0
657,1,0,0,0,0
657,2,0,0,0,0
657,3,1,0,0,0
657,4,0,0,0,0
657,5,0,0,0,0
657,6,0,0,0,0
657,7,0,0,0,0
657,8,0,0,0,0
658,1,0,0,0,0
658,2,0,0,0,0
658,3,0,0,0,0
658,4,0,0,0,0
658,5,0,0,0,0
658,6,0,0,0,0
658,7,0,0,0,0
658,8,2,0,0,0
659,1,19,0,0,0
659,2,12,0,0,0
659,3,23,0,0,0
659,4,26,2,1,0
659,5,27,1,0,0
659,6,19,1,0,0
659,7,19,0,0,0
659,8,23,1,0,0
660,1,0,0,0,0
660,2,2,0,0,0
660,3,0,0,0,0
660,4,0,0,0,0
660,5,0,0,0,0
660,6,0,0,0,0
660,7,0,0,0,0
660,8,0,0,0,0
661,1,45,2,0,0
661,2,36,2,0,0
661,3,42,0,0,0
661,4,33,0,0,0
661,5,36,0,0,0
661,6,38,0,0,0
661,7,53,3,2,2
661,8,49,1,0,0
662,1,0,0,0,0
662,2,0,0,0,0
662,3,0,0,0,0
662,4,0,0,0,0
662,5,0,0,0,0
662,6,0,0,0,0
662,7,0,0,0,0
662,8,0,0,0,0
663,1,0,0,0,0
663,2,0,0,0,0
663,3,0,0,0,0
663,4,0,0,0,0
663,5,0,0,0,0
663,6,0,0,0,0
663,7,0,0,0,0
663,8,0,0,0,0
664,1,7,0,0,0
664,2,8,0,0,0
664,3,10,0,0,0
664,4,6,0,0,0
664,5,8,0,0,0
664,6,9,0,0,0
664,7,6,0,0,0
664,8,14,0,0,0
665,1,0,0,0,0
665,2,0,0,0,0
665,3,0,0,0,0
665,4,0,0,0,0
665,5,1,0,0,0
665,6,0,0,0,0
665,7,0,0,0,0
665,8,0,0,0,0
666,1,0,0,0,0
666,2,0,0,0,0
666,3,0,0,0,0
666,4,0,0,0,0
666,5,0,0,0,0
666,6,0,0,0,0
666,7,0,0,0,0
666,8,0,0,0,0
667,1,19,1,0,0
667,2,10,0,0,0
667,3,9,0,0,0
667,4,14,0,0,0
667,5,7,0,0,0
667,6,10,0,0,0
667,7,16,0,0,0
667,8,12,0,0,0
668,1,0,0,0,0
668,2,1,0,0,0
668,3,0,0,0,0
668,4,0,0,0,0
668,5,1,1,0,0
668,6,0,0,0,0
668,7,0,0,0,0
668,8,0,0,0,0
669,1,2,0,0,0
669,2,2,1,0,0
669,3,1,0,0,0
669,4,1,0,0,0
669,5,2,0,0,0
669,6,0,0,0,0
669,7,4,0,0,0
669,8,3,0,0,0
670,1,10,1,0,0
670,2,8,1,0,0
670,3,6,0,0,0
670,4,11,3,1,1
670,5,7,1,0,0
670,6,10,0,0,0
670,7,14,0,0,0
670,8,11,1,1,1
671,1,0,0,0,0
671,2,0,0,0,0
671,3,0,0,0,0
671,4,0,0,0,0
671,5,0,0,0,0
671,6,0,0,0,0
671,7,0,0,0,0
671,8,1,1,1,1
672,1,0,0,0,0
672,2,1,0,0,0
672,3,0,0,0,0
672,4,0,0,0,0
672,5,0,0,0,0
672,6,1,0,0,0
672,7,1,0,0,0
672,8,3,0,0,0
673,1,2,0,0,0
673,2,1,0,0,0
673,3,0,0,0,0
673,4,4,3,1,0
673,5,1,1,0,0
673,6,1,1,0,0
673,7,1,1,1,0
673,8,2,0,0,0
674,1,0,0,0,0
674,2,1,1,1,0
674,3,0,0,0,0
674,4,0,0,0,0
674,5,2,2,1,1
674,6,0,0,0,0
674,7,2,2,1,1
674,8,0,0,0,0
675,1,3,3,1,0
675,2,2,2,2,1
675,3,1,1,0,0
675,4,0,0,0,0
675,5,0,0,0,0
675,6,0,0,0,0
675,7,0,0,0,0
675,8,1,1,1,0
676,1,0,0,0,0
676,2,0,0,0,0
676,3,0,0,0,0
676,4,0,0,0,0
676,5,0,0,0,0
676,6,0,0,0,0
676,7,0,0,0,0
676,8,0,0,0,0
677,1,0,0,0,0
677,2,0,0,0,0
677,3,0,0,0,0
677,4,0,0,0,0
677,5,0,0,0,0
677,6,0,0,0,0
677,7,0,0,0,0
677,8,0,0,0,0
678,1,0,0,0,0
678,2,0,0,0,0
678,3,1,1,0,0
678,4,0,0,0,0
678,5,0,0,0,0
678,6,0,0,0,0
678,7,0,0,0,0
678,8,0,0,0,0
679,1,0,0,0,0
679,2,1,1,1,0
679,3,1,1,0,0
679,4,2,2,1,0
679,5,1,0,0,0
679,6,0,0,0,0
679,7,1,0,0,0
679,8,0,0,0,0
680,1,0,0,0,0
680,2,0,0,0,0
680,3,1,1,1,0
680,4,0,0,0,0
680,5,0,0,0,0
680,6,0,0,0,0
680,7,0,0,0,0
680,8,0,0,0,0
681,1,44,4,0,0
681,2,34,1,0,0
681,3,36,1,0,0
681,4,38,3,0,0
681,5,37,0,0,0
681,6,37,0,0,0
681,7,34,1,0,0
681,8,34,2,0,0
682,1,0,0,0,0
682,2,0,0,0,0
682,3,0,0,0,0
682,4,0,0,0,0
682,5,0,0,0,0
682,6,0,0,0,0
682,7,0,0,0,0
682,8,0,0,0,0
683,1,24,0,0,0
683,2,13,0,0,0
683,3,12,0,0,0
683,4,23,0,0,0
683,5,26,1,0,0
683,6,21,1,0,0
683,7,13,0,0,0
683,8,19,2,1,0
684,1,50,2,1,0
684,2,36,1,0,0
684,3,33,2,1,0
684,4,38,0,0,0
684,5,32,4,0,0
684,6,37,2,0,0
684,7,42,4,0,0
684,8,38,3,0,0
685,1,0,0,0,0
685,2,0,0,0,0
685,3,0,0,0,0
685,4,0,0,0,0
685,5,1,0,0,0
685,6,0,0,0,0
685,7,0,0,0,0
685,8,0,0,0,0
686,1,48,2,0,0
686,2,38,0,0,0
686,3,35,0,0,0
686,4,36,1,1,0
686,5,44,0,0,0
686,6,42,1,0,0
686,7,53,0,0,0
686,8,42,1,0,0
687,1,54,0,0,0
687,2,63,0,0,0
687,3,57,1,0,0
687,4,70,0,0,0
687,5,67,0,0,0
687,6,72,1,0,0
687,7,63,1,0,0
687,8,59,1,0,0
688,1,74,2,1,1
688,2,65,0,0,0
688,3,51,2,0,0
688,4,68,0,0,0
688,5,77,0,0,0
688,6,58,0,0,0
688,7,58,0,0,0
688,8,65,0,0,0
689,1,1,0,0,0
689,2,0,0,0,0
689,3,0,0,0,0
689,4,1,1,0,0
689,5,1,0,0,0
689,6,0,0,0,0
689,7,0,0,0,0
689,8,0,0,0,0
690,1,36,0,0,0
690,2,52,2,0,0
690,3,45,0,0,0
690,4,39,0,0,0
690,5,31,1,0,0
690,6,42,0,0,0
690,7,40,0,0,0
690,8,47,1,0,0
691,1,41,1,0,0
691,2,42,0,0,0
691,3,48,0,0,0
691,4,30,1,0,0
691,5,45,0,0,0
691,6,36,0,0,0
691,7,39,0,0,0
691,8,36,0,0,0
692,1,49,0,0,0
692,2,64,0,0,0
692,3,56,0,0,0
692,4,49,0,0,0
692,5,52,1,0,0
692,6,48,1,0,0
692,7,66,1,0,0
692,8,64,1,0,0
693,1,0,0,0,0
693,2,0,0,0,0
693,3,0,0,0,0
693,4,0,0,0,0
693,5,0,0,0,0
693,6,0,0,0,0
693,7,0,0,0,0
693,8,0,0,0,0
694,1,16,1,1,1
694,2,8,0,0,0
694,3,22,1,0,0
694,4,16,0,0,0
694,5,19,1,0,0
694,6,20,1,0,0
694,7,17,0,0,0
694,8,17,0,0,0
695,1,14,1,0,0
695,2,18,0,0,0
695,3,18,2,1,0
695,4,11,1,0,0
695,5,19,1,0,0
695,6,8,0,0,0
695,7,16,1,0,0
695,8,19,1,0,0
696,1,0,0,0,0
696,2,0,0,0,0
696,3,0,0,0,0
696,4,1,1,1,0
696,5,0,0,0,0
696,6,0,0,0,0
696,7,0,0,0,0
696,8,0,0,0,0
697,1,0,0,0,0
697,2,0,0,0,0
697,3,0,0,0,0
697,4,0,0,0,0
697,5,0,0,0,0
697,6,1,0,0,0
697,7,0,0,0,0
697,8,0,0,0,0
698,1,1,1,1,1
698,2,2,2,2,0
698,3,1,1,0,0
698,4,0,0,0,0
698,5,0,0,0,0
698,6,3,3,0,0
698,7,1,1,1,1
698,8,1,1,0,0
699,1,0,0,0,0
699,2,0,0,0,0
699,3,0,0,0,0
699,4,1,1,1,0
699,5,0,0,0,0
699,6,0,0,0,0
699,7,0,0,0,0
699,8,2,2,0,0
700,1,0,0,0,0
700,2,0,0,0,0
700,3,0,0,0,0
700,4,0,0,0,0
700,5,0,0,0,0
700,6,0,0,0,0
700,7,0,0,0,0
700,8,1,1,1,0
701,1,1,1,1,0
701,2,0,0,0,0
701,3,2,2,1,0
701,4,0,0,0,0
701,5,2,2,2,0
701,6,0,0,0,0
701,7,0,0,0,0
701,8,1,1,1,0
702,1,0,0,0,0
702,2,1,1,0,0
702,3,0,0,0,0
702,4,1,1,0,0
702,5,2,2,2,0
702,6,0,0,0,0
702,7,0,0,0,0
702,8,1,1,1,0
703,1,0,0,0,0
703,2,0,0,0,0
703,3,0,0,0,0
703,4,0,0,0,0
703,5,0,0,0,0
703,6,0,0,0,0
703,7,0,0,0,0
703,8,0,0,0,0
704,1,0,0,0,0
704,2,0,0,0,0
704,3,0,0,0,0
704,4,0,0,0,0
704,5,0,0,0,0
704,6,1,1,1,0
704,7,0,0,0,0
704,8,1,1,1,0
705,1,22,0,0,0
705,2,18,0,0,0
705,3,17,1,0,0
705,4,16,0,0,0
705,5,20,0,0,0
705,6,15,0,0,0
705,7,17,1,0,0
705,8,19,1,0,0
706,1,0,0,0,0
706,2,0,0,0,0
706,3,1,0,0,0
706,4,0,0,0,0
706,5,0,0,0,0
706,6,0,0,0,0
706,7,0,0,0,0
706,8,0,0,0,0
707,1,2,0,0,0
707,2,3,0,0,0
707,3,3,0,0,0
707,4,7,0,0,0
707,5,1,0,0,0
707,6,1,0,0,0
707,7,3,0,0,0
707,8,2,0,0,0
708,1,0,0,0,0
708,2,0,0,0,0
708,3,1,0,0,0
708,4,1,0,0,0
708,5,0,0,0,0
708,6,0,0,0,0
708,7,0,0,0,0
708,8,0,0,0,0
709,1,22,0,0,0
709,2,19,0,0,0
709,3,17,0,0,0
709,4,17,0,0,0
709,5,18,0,0,0
709,6,26,0,0,0
709,7,22,0,0,0
709,8,14,0,0,0
710,1,16,0,0,0
710,2,19,1,1,1
710,3,11,0,0,0
710,4,15,0,0,0
710,5,20,1,0,0
710,6,16,0,0,0
710,7,13,0,0,0
710,8,19,1,0,0
711,1,1,0,0,0
711,2,0,0,0,0
711,3,0,0,0,0
711,4,0,0,0,0
711,5,1,1,1,0
711,6,1,0,0,0
711,7,1,1,1,1
711,8,0,0,0,0
712,1,0,0,0,0
712,2,0,0,0,0
712,3,0,0,0,0
712,4,1,0,0,0
712,5,0,0,0,0
712,6,1,0,0,0
712,7,1,0,0,0
712,8,0,0,0,0
713,1,0,0,0,0
713,2,0,0,0,0
713,3,0,0,0,0
713,4,0,0,0,0
713,5,0,0,0,0
713,6,1,0,0,0
713,7,0,0,0,0
713,8,0,0,0,0
714,1,4,0,0,0
714,2,8,0,0,0
714,3,6,0,0,0
714,4,4,0,0,0
714,5,5,1,0,0
714,6,5,0,0,0
714,7,9,0,0,0
714,8,6,0,0,0
715,1,19,0,0,0
715,2,14,0,0,0
715,3,17,0,0,0
715,4,18,0,0,0
715,5,15,1,0,0
715,6,13,0,0,0
715,7,22,0,0,0
715,8,24,0,0,0
716,1,2,0,0,0
716,2,2,1,1,0
716,3,1,0,0,0
716,4,0,0,0,0
716,5,0,0,0,0
716,6,0,0,0,0
716,7,0,0,0,0
716,8,1,0,0,0
717,1,6,0,0,0
717,2,5,0,0,0
717,3,3,0,0,0
717,4,2,0,0,0
717,5,2,0,0,0
717,6,5,0,0,0
717,7,1,0,0,0
717,8,4,0,0,0
718,1,3,0,0,0
718,2,5,0,0,0
718,3,1,0,0,0
718,4,3,1,0,0
718,5,3,1,0,0
718,6,5,0,0,0
718,7,2,0,0,0
718,8,4,0,0,0
719,1,0,0,0,0
719,2,0,0,0,0
719,3,0,0,0,0
719,4,0,0,0,0
719,5,1,0,0,0
719,6,0,0,0,0
719,7,0,0,0,0
719,8,1,1,0,0
720,1,0,0,0,0
720,2,0,0,0,0
720,3,1,0,0,0
720,4,0,0,0,0
720,5,0,0,0,0
720,6,0,0,0,0
720,7,1,0,0,0
720,8,0,0,0,0
721,1,0,0,0,0
721,2,0,0,0,0
721,3,0,0,0,0
721,4,0,0,0,0
721,5,1,0,0,0
721,6,0,0,0,0
721,7,0,0,0,0
721,8,0,0,0,0
722,1,0,0,0,0
722,2,0,0,0,0
722,3,0,0,0,0
722,4,1,1,1,0
722,5,1,1,0,0
722,6,0,0,0,0
722,7,0,0,0,0
722,8,0,0,0,0
723,1,1,1,1,0
723,2,0,0,0,0
723,3,1,1,0,0
723,4,0,0,0,0
723,5,0,0,0,0
723,6,0,0,0,0
723,7,0,0,0,0
723,8,0,0,0,0
724,1,0,0,0,0
724,2,0,0,0,0
724,3,1,1,1,0
724,4,0,0,0,0
724,5,0,0,0,0
724,6,0,0,0,0
724,7,0,0,0,0
724,8,1,1,0,0
725,1,0,0,0,0
725,2,0,0,0,0
725,3,0,0,0,0
725,4,1,1,1,0
725,5,0,0,0,0
725,6,0,0,0,0
725,7,0,0,0,0
725,8,1,1,1,0
726,1,2,2,1,0
726,2,0,0,0,0
726,3,1,1,0,0
726,4,1,1,1,0
726,5,0,0,0,0
726,6,0,0,0,0
726,7,0,0,0,0
726,8,0,0,0,0
727,1,0,0,0,0
727,2,0,0,0,0
727,3,0,0,0,0
727,4,0,0,0,0
727,5,0,0,0,0
727,6,1,1,1,0
727,7,0,0,0,0
727,8,0,0,0,0
728,1,0,0,0,0
728,2,0,0,0,0
728,3,0,0,0,0
728,4,0,0,0,0
728,5,0,0,0,0
728,6,0,0,0,0
728,7,0,0,0,0
728,8,0,0,0,0
729,1,0,0,0,0
729,2,0,0,0,0
729,3,0,0,0,0
729,4,0,0,0,0
729,5,0,0,0,0
729,6,0,0,0,0
729,7,1,1,1,0
729,8,0,0,0,0
730,1,1,1,1,1
730,2,0,0,0,0
730,3,0,0,0,0
730,4,0,0,0,0
730,5,0,0,0,0
730,6,0,0,0,0
730,7,0,0,0,0
730,8,0,0,0,0
731,1,0,0,0,0
731,2,1,0,0,0
731,3,2,0,0,0
731,4,0,0,0,0
731,5,0,0,0,0
731,6,0,0,0,0
731,7,0,0,0,0
731,8,1,0,0,0
732,1,0,0,0,0
732,2,0,0,0,0
732,3,0,0,0,0
732,4,0,0,0,0
732,5,0,0,0,0
732,6,0,0,0,0
732,7,0,0,0,0
732,8,0,0,0,0
733,1,0,0,0,0
733,2,0,0,0,0
733,3,0,0,0,0
733,4,0,0,0,0
733,5,0,0,0,0
733,6,0,0,0,0
733,7,0,0,0,0
733,8,1,0,0,0
734,1,0,0,0,0
734,2,0,0,0,0
734,3,0,0,0,0
734,4,0,0,0,0
734,5,0,0,0,0
734,6,0,0,0,0
734,7,0,0,0,0
734,8,1,1,1,1
735,1,0,0,0,0
735,2,0,0,0,0
735,3,0,0,0,0
735,4,0,0,0,0
735,5,0,0,0,0
735,6,0,0,0,0
735,7,0,0,0,0
735,8,0,0,0,0
736,1,0,0,0,0
736,2,0,0,0,0
736,3,1,0,0,0
736,4,0,0,0,0
736,5,0,0,0,0
736,6,0,0,0,0
736,7,0,0,0,0
736,8,2,1,1,1
737,1,0,0,0,0
737,2,0,0,0,0
737,3,0,0,0,0
737,4,0,0,0,0
737,5,0,0,0,0
737,6,0,0,0,0
737,7,0,0,0,0
737,8,0,0,0,0
738,1,0,0,0,0
738,2,0,0,0,0
738,3,0,0,0,0
738,4,0,0,0,0
738,5,1,0,0,0
738,6,0,0,0,0
738,7,0,0,0,0
738,8,0,0,0,0
739,1,0,0,0,0
739,2,0,0,0,0
739,3,0,0,0,0
739,4,0,0,0,0
739,5,1,0,0,0
739,6,0,0,0,0
739,7,0,0,0,0
739,8,0,0,0,0
740,1,0,0,0,0
740,2,1,1,1,0
740,3,0,0,0,0
740,4,0,0,0,0
740,5,0,0,0,0
740,6,0,0,0,0
740,7,0,0,0,0
740,8,0,0,0,0
741,1,1,0,0,0
741,2,1,0,0,0
741,3,0,0,0,0
741,4,0,0,0,0
741,5,1,0,0,0
741,6,0,0,0,0
741,7,0,0,0,0
741,8,0,0,0,0
742,1,1,0,0,0
742,2,0,0,0,0
742,3,1,0,0,0
742,4,0,0,0,0
742,5,0,0,0,0
742,6,0,0,0,0
742,7,0,0,0,0
742,8,0,0,0,0
743,1,0,0,0,0
743,2,0,0,0,0
743,3,0,0,0,0
743,4,0,0,0,0
743,5,0,0,0,0
743,6,0,0,0,0
743,7,0,0,0,0
743,8,0,0,0,0
