step,hour,payments,total_amount,alerts_strict,alerts_balanced,alerts_lenient,frauds_actual
334,22,508,235852054.15,30,2,0,1
335,23,400,174803097.91,25,2,0,0
336,0,98,54422354.96,21,3,0,4
337,1,15,3810376.06,6,0,0,0
338,2,7,1200982.81,4,1,0,0
339,3,1,1532281.61,1,1,1,1
340,4,2,5492306.49,2,2,1,2
341,5,2,1057316.16,2,2,2,2
342,6,2,136710.41,2,2,0,2
343,7,2,202026.64,2,0,0,2
345,9,892,425810850.19,30,1,0,3
346,10,1749,713640959.68,33,0,0,1
347,11,2015,845393624.63,35,1,0,0
348,12,1896,979637556.3,60,3,0,1
349,13,2053,676421549.39,27,4,1,3
350,14,1883,656247714.17,31,2,0,1
351,15,1785,591482167.18,24,1,0,2
352,16,1836,593951628.99,24,0,0,2
353,17,2062,810564407.01,37,0,0,0
354,18,2852,762409036.37,33,1,0,0
355,19,3056,800342803.26,35,1,0,2
356,20,2161,529979175.44,34,1,0,1
357,21,814,261436509.8,25,1,0,2
358,22,538,169724445.37,16,1,0,1
359,23,327,148804147.65,33,2,1,2
360,0,153,60470744.07,12,0,0,0
361,1,61,18407227.33,23,3,0,4
362,2,19,32103151.43,17,10,4,5
363,3,3,1988401.32,3,1,0,3
365,5,1,4841332.26,1,1,1,1
366,6,2,1269623.15,2,1,0,2
367,7,2,883172.71,2,1,0,2
369,9,894,414778739.44,33,2,0,0
370,10,1630,729337044.86,23,1,0,1
371,11,1893,720252283.5,29,0,0,3
372,12,2035,647217769.57,30,0,0,2
373,13,1866,554470151.38,17,1,0,1
374,14,1910,571037301.64,23,0,0,4
375,15,1782,662161479.52,29,1,0,1
376,16,1400,778556475.36,29,0,0,2
377,17,1302,366470944.9,22,2,2,3
378,18,2628,647996495.6,38,1,0,1
379,19,3057,662341612.66,30,3,2,2
380,20,2465,547899968.7,40,2,0,3
381,21,802,228471737.93,25,2,0,2
382,22,627,198264380.98,20,3,0,2
383,23,302,109918093.21,22,1,1,3
384,0,149,45019181.29,18,3,0,1
385,1,44,13980644.24,14,1,0,0
386,2,21,3498799.56,18,2,0,0
387,3,2,10245970.86,2,2,1,2
388,4,2,2878062.83,2,2,1,2
390,6,2,1722837.86,2,2,1,2
391,7,1,4559921.56,1,1,1,1
392,8,1,92001.22,0,0,0,1
393,9,1278,574438846.12,34,0,0,0
394,10,1856,776316579.0,34,3,0,1
395,11,1462,402555674.96,15,0,0,0
396,12,2301,716377753.57,23,2,0,1
397,13,2036,677440903.28,26,2,0,3
398,14,1816,550738667.44,17,0,0,3
399,15,2051,642688412.82,31,2,0,2
400,16,2113,618172483.9,18,1,0,3
401,17,2402,674682137.81,35,5,1,4
402,18,2880,732433147.62,47,3,0,0
403,19,3208,775516717.58,28,0,0,3
404,20,2364,505516928.62,28,2,1,3
405,21,911,251831797.67,28,0,0,1
406,22,588,201826313.3,24,1,0,3
407,23,315,91242081.98,16,1,0,1
408,0,301,115781640.85,31,3,0,2
409,1,14,8789169.67,6,0,0,2
410,2,2,1153185.02,2,1,0,2
411,3,2,2704725.93,2,2,2,2
412,4,3,2600042.24,3,2,0,3
413,5,10,1981957.68,10,4,0,3
414,6,1,298384.21,1,1,0,1
416,8,121,41050257.39,26,8,0,2
417,9,2,1287362.56,0,0,0,2
418,10,1,452261.67,0,0,0,1
419,11,48,12650048.09,0,0,0,2
420,12,157,42473806.13,2,0,0,1
421,13,4,10554859.34,1,1,0,4
422,14,76,25174897.25,2,1,1,1
423,15,51,20556466.67,0,0,0,3
424,16,5,7832422.87,0,0,0,5
425,17,4,10968050.04,0,0,0,4
426,18,354,92423918.6,5,0,0,0
428,20,170,40162222.16,6,0,0,0
429,21,135,29705901.55,3,0,0,1
430,22,1,326394.8,0,0,0,1
431,23,57,19436474.62,3,1,0,0
434,2,3,3380202.6,3,2,2,3
436,4,3,7812435.37,3,2,0,0
437,5,2,8373793.84,2,2,1,2
438,6,3,2163837.25,2,2,0,3
439,7,19,4177506.25,11,1,0,2
440,8,2,8679644.46,2,2,1,2
441,9,2,1783791.89,1,0,0,2
442,10,47,17479941.43,4,0,0,2
443,11,1,1591263.43,1,1,0,1
444,12,2,982067.89,0,0,0,2
445,13,2,162132.61,0,0,0,0
446,14,3,3131621.59,1,1,1,3
447,15,2,374300.07,0,0,0,2
448,16,168,53538283.29,2,0,0,1
449,17,86,20419083.27,0,0,0,2
450,18,3,29228514.1,3,1,1,3
451,19,262,64742734.0,5,0,0,0
452,20,16,4845990.66,0,0,0,0
453,21,2,1160264.81,0,0,0,0
454,22,3,1805609.59,0,0,0,0
455,23,27,8083115.62,1,0,0,3
456,0,1,448266.86,0,0,0,1
458,2,13,4004504.92,8,1,0,2
459,3,2,50283.9,2,0,0,2
460,4,4,1421463.74,4,4,0,0
461,5,9,10187057.82,9,7,1,2
462,6,3,5821811.59,3,2,0,3
463,7,2,1448100.68,2,1,1,2
464,8,2,1908939.79,1,1,0,2
465,9,2,3038744.33,1,1,1,2
466,10,44,9887219.39,1,0,0,0
467,11,2,781225.44,0,0,0,2
469,13,385,130611754.44,7,0,0,1
470,14,2,2979854.55,0,0,0,2
471,15,161,43968078.33,3,0,0,0
472,16,6,2781183.23,0,0,0,0
473,17,2,597320.21,0,0,0,2
474,18,181,74801470.08,5,2,0,2
475,19,5,1195741.26,0,0,0,5
476,20,255,65049915.39,4,1,0,2
477,21,3,10316110.98,1,1,1,3
478,22,87,35715505.23,7,0,0,0
479,23,29,6244454.51,2,1,0,0
481,1,6,3777283.74,3,2,1,6
482,2,3,1229617.53,3,2,1,3
483,3,12,4805938.19,12,4,0,1
484,4,1,156220.74,1,1,0,1
485,5,5,10341391.2,5,5,2,5
486,6,2,4648513.18,2,2,0,2
487,7,28,9759161.46,19,7,0,2
488,8,4,730081.95,1,1,0,4
489,9,1,7515624.63,1,1,1,1
490,10,234,95171786.67,7,0,0,2
491,11,3,2968248.25,2,2,0,3
492,12,362,135207602.04,1,0,0,0
493,13,126,54487612.47,2,0,0,1
494,14,1,7078157.11,0,0,0,1
495,15,199,69289704.57,1,0,0,1
496,16,61,15688594.57,0,0,0,0
497,17,2,687011.48,0,0,0,2
498,18,1,1028515.56,1,1,0,1
499,19,1,558136.45,0,0,0,1
500,20,366,86489556.65,9,1,0,0
501,21,3,7074278.05,1,1,1,3
502,22,15,4512018.89,1,1,0,2
503,23,65,27950428.1,5,1,0,3
504,0,1,3018810.85,1,1,0,1
505,1,18,7530047.58,6,4,0,1
506,2,1,10000000.0,1,1,0,1
507,3,2,7509463.04,2,2,1,2
508,4,1,350233.08,1,1,0,1
509,5,11,1412178.28,11,8,0,3
510,6,3,1944811.22,3,3,0,3
511,7,2,1369562.79,2,1,1,2
512,8,1,127120.88,1,0,0,1
513,9,2,260487.08,0,0,0,2
514,10,582,237665624.74,13,0,0,2
515,11,1,290211.26,0,0,0,1
517,13,85,20708256.46,0,0,0,0
518,14,239,75345862.96,2,0,0,1
519,15,1,1049424.26,0,0,0,1
520,16,208,61569634.31,3,2,2,3
521,17,2,5114905.82,0,0,0,2
522,18,1268,436634492.25,17,0,0,2
523,19,2,408986.28,0,0,0,2
524,20,162,43781266.34,5,1,0,0
525,21,391,99411741.43,14,1,0,1
526,22,119,19578125.68,6,1,0,2
527,23,107,30110617.61,6,2,0,2
528,0,25,7122733.64,2,0,0,3
529,1,4,1788770.86,1,1,0,0
530,2,22,6748799.71,18,3,0,4
531,3,6,4375675.61,6,3,1,1
532,4,7,1542084.61,7,4,0,1
533,5,1,400517.07,1,0,0,1
534,6,19,4853604.95,19,9,1,3
536,8,1,1567549.99,0,0,0,1
537,9,3,210231.14,0,0,0,3
538,10,178,92661678.62,5,1,1,3
540,12,342,125163359.33,5,1,1,2
542,14,308,72813038.34,4,0,0,1
543,15,1,2558618.27,1,1,1,1
544,16,666,212147976.9,6,0,0,1
545,17,222,50360531.75,3,0,0,0
546,18,535,122268484.02,6,0,0,1
547,19,168,40997457.83,3,1,0,2
548,20,371,80821431.33,7,1,0,1
549,21,19,3292826.81,2,0,0,2
550,22,200,50074131.71,7,1,0,1
551,23,25,6659937.13,2,1,0,3
552,0,36,13733426.36,1,0,0,2
553,1,2,395418.66,0,0,0,2
554,2,1,10000000.0,1,1,1,1
555,3,3,915267.26,3,0,0,0
556,4,1,544352.53,1,1,0,1
557,5,4,5830241.83,4,4,1,4
558,6,1,2190762.32,1,1,1,1
559,7,3,430419.57,3,1,0,3
561,9,2,3226511.77,0,0,0,2
562,10,3,14737097.87,0,0,0,3
563,11,208,89273241.47,5,0,0,2
564,12,253,65915317.43,0,0,0,4
565,13,389,117002335.21,5,0,0,1
566,14,91,19190330.74,3,1,0,1
567,15,296,72838793.6,3,1,0,2
568,16,4,289288.09,1,0,0,4
569,17,72,16303561.38,0,0,0,2
570,18,146,32250306.32,4,0,0,1
571,19,281,62789178.97,6,0,0,0
572,20,2,473912.47,0,0,0,2
573,21,185,35748337.89,7,0,0,0
574,22,133,33072024.9,2,0,0,0
576,0,18,9611281.26,3,1,0,2
577,1,17,4809209.71,6,2,0,1
578,2,5,6426329.54,3,1,1,2
580,4,6,1386486.19,6,3,0,1
581,5,2,3364223.07,2,2,1,2
582,6,16,9026260.85,16,9,1,1
583,7,2,1219079.94,1,1,0,2
584,8,17,3152480.74,0,0,0,1
585,9,111,26767478.4,1,0,0,0
586,10,79,45721931.26,5,2,1,1
587,11,173,68229654.76,3,0,0,1
588,12,304,84075030.63,1,0,0,1
589,13,442,121827199.48,3,0,0,1
590,14,474,125691170.18,8,1,0,1
591,15,7,1532741.31,0,0,0,1
592,16,375,109942533.77,4,1,0,3
594,18,475,101486786.28,5,0,0,0
595,19,373,72533035.8,5,0,0,1
596,20,542,173921957.5,12,1,0,1
597,21,129,46923765.69,5,0,0,0
598,22,35,6597477.24,0,0,0,1
599,23,64,20604700.33,7,0,0,0
600,0,5,18772447.5,3,2,0,5
601,1,30,14581042.61,15,1,0,2
602,2,1,366014.33,1,0,0,1
603,3,4,2135526.64,4,2,0,4
604,4,1,4672401.04,1,1,1,1
605,5,1,1555182.41,1,1,0,1
607,7,1,135428.39,1,0,0,1
608,8,52,24413956.34,14,3,0,5
609,9,2,188496.52,0,0,0,2
610,10,53,11508317.21,0,0,0,1
611,11,3,2452557.52,1,1,0,3
612,12,164,49196666.59,3,1,0,3
613,13,6,5336808.17,1,1,1,3
614,14,75,17583261.82,0,0,0,3
615,15,2,444086.88,0,0,0,2
617,17,200,53960061.36,5,1,0,2
619,19,193,43856844.71,0,0,0,2
620,20,2,555613.98,0,0,0,2
621,21,47,25768714.02,2,0,0,1
624,0,3,10956670.31,2,1,0,3
625,1,4,7390146.34,4,1,0,4
626,2,1,55740.39,1,0,0,1
628,4,1,99165.12,1,1,0,1
629,5,4,1648023.6,4,4,0,4
630,6,9,5021578.16,9,4,0,1
631,7,2,5512303.34,2,2,1,2
633,9,2,4253960.87,0,0,0,2
634,10,2,484756.89,0,0,0,2
635,11,1,1387048.31,0,0,0,1
636,12,2,875174.07,0,0,0,2
637,13,224,62014739.92,2,0,0,2
638,14,2,1904656.62,1,1,0,2
639,15,2,920185.78,0,0,0,2
640,16,91,22285624.62,0,0,0,2
641,17,1,2205.55,0,0,0,1
642,18,69,16315481.85,0,0,0,1
643,19,3,553979.1,0,0,0,3
644,20,152,43904975.03,3,1,1,3
645,21,2,348241.03,0,0,0,2
646,22,3,30000000.0,3,0,0,3
647,23,1,1517771.48,1,1,0,1
648,0,6,3991188.81,2,2,0,6
649,1,13,3044259.24,2,0,0,1
650,2,2,1495203.81,1,1,1,2
651,3,2,12932839.4,2,2,2,2
652,4,3,3580196.87,3,2,1,3
653,5,1,940957.88,1,1,1,1
654,6,1,1290224.84,1,1,1,1
655,7,1,253648.68,1,0,0,1
656,8,106,33640030.65,27,5,1,2
657,9,1,2429711.09,0,0,0,1
658,10,2,644347.16,0,0,0,2
659,11,168,105137935.71,5,1,0,3
660,12,2,55266.05,0,0,0,2
661,13,332,109246149.66,8,2,2,2
664,16,68,24890719.87,0,0,0,5
665,17,1,40819.72,0,0,0,1
667,19,97,14901848.34,1,0,0,1
668,20,2,7846621.18,1,0,0,2
669,21,15,3885342.8,1,0,0,0
670,22,77,33982360.88,7,2,2,4
671,23,1,10000000.0,1,1,1,1
672,0,6,2687707.85,0,0,0,1
673,1,12,3977552.12,6,2,0,1
674,2,5,5524811.24,5,3,2,5
675,3,7,16985943.49,7,4,1,5
678,6,1,749316.7,1,0,0,1
679,7,6,2335017.51,4,2,0,1
680,8,1,28399.72,1,1,0,1
681,9,294,101005864.79,12,0,0,0
683,11,151,63533093.7,4,1,0,1
684,12,306,222128877.06,18,2,0,2
685,13,1,537539.97,0,0,0,1
686,14,338,97431909.67,5,1,0,3
687,15,505,146546890.74,4,0,0,0
688,16,516,122771443.2,4,1,1,1
689,17,3,1521396.37,1,0,0,3
690,18,332,77156647.91,4,0,0,1
691,19,317,58689558.52,2,0,0,0
692,20,448,81977026.27,4,0,0,4
694,22,135,52414984.61,4,1,1,4
695,23,123,24390101.97,7,1,0,1
696,0,1,343972.5,1,1,0,1
697,1,1,378623.9,0,0,0,1
698,2,9,13861030.6,9,4,2,2
699,3,3,351785.82,3,1,0,1
700,4,1,113447.92,1,1,0,1
701,5,6,2490314.71,6,5,0,6
702,6,5,20882044.79,5,3,0,5
704,8,2,1979652.96,2,2,0,2
705,9,144,31860407.28,3,0,0,2
706,10,1,934590.45,0,0,0,1
707,11,22,3646661.46,0,0,0,1
708,12,2,3229672.43,0,0,0,2
709,13,155,40360267.93,0,0,0,0
710,14,129,40099387.52,3,1,1,1
711,15,4,4005494.17,2,2,1,4
712,16,3,607722.53,0,0,0,2
713,17,1,4130371.73,0,0,0,1
714,18,47,11515253.45,1,0,0,1
715,19,142,24780363.05,1,0,0,1
716,20,6,2332767.64,1,1,0,1
717,21,28,4120800.44,0,0,0,1
718,22,26,13172840.53,2,0,0,3
719,23,2,186605.63,1,0,0,2
720,0,2,150479.62,0,0,0,2
721,1,1,23639.56,0,0,0,1
722,2,2,1180356.76,2,1,0,2
723,3,2,1305653.02,2,1,0,2
724,4,2,399334.19,2,1,0,2
725,5,2,246518.48,2,2,0,2
726,6,4,2806992.36,4,2,0,4
727,7,1,6377401.2,1,1,0,1
729,9,1,1102951.39,1,1,0,1
730,10,1,10000000.0,1,1,1,1
731,11,4,901115.46,0,0,0,4
733,13,1,105903.18,0,0,0,1
734,14,1,1810044.85,1,1,1,1
736,16,3,4359967.95,1,1,1,3
738,18,1,114490.39,0,0,0,1
739,19,1,176549.59,0,0,0,1
740,20,1,1755647.81,1,1,0,1
741,21,3,352187.86,0,0,0,3
742,22,2,4063710.85,0,0,0,2
