bin_index,bin_label,bin_min,bin_max,count_legit,count_fraud,fraud_rate
0,0-100,0,100.0,29,2,0.064516
1,100-1K,100,1000.0,254,3,0.011673
2,1K-10K,1000,10000.0,2716,21,0.007673
3,10K-50K,10000,50000.0,12298,47,0.003807
4,50K-100K,50000,100000.0,15889,48,0.003012
5,100K-200K,100000,200000.0,27114,84,0.003088
6,200K-500K,200000,500000.0,32189,141,0.004361
7,500K-1M,500000,1000000.0,6438,92,0.014089
8,1M-5M,1000000,5000000.0,5297,154,0.028252
9,5M-10M,5000000,10000000.0,291,30,0.093458
10,10M+,10000000,100000000.0,24,30,0.555556
