threshold,alerts,fraud_value_lost,total_cost_100,total_cost_500,total_cost_2000
0.05,3713,203047163.5,203418463.5,204903663.5,210473163.5
0.1,2430,237240323.14,237483323.14,238455323.14,242100323.14
0.15,1817,252595833.4,252777533.4,253504333.4,256229833.4
0.2,1383,263825809.6,263964109.6,264517309.6,266591809.6
0.25,1090,297628300.95,297737300.95,298173300.95,299808300.95
0.3,892,401516307.21,401605507.21,401962307.21,403300307.21
0.35,708,404274779.08,404345579.08,404628779.08,405690779.08
0.4,572,408267368.29,408324568.29,408553368.29,409411368.29
0.45,479,414289687.32,414337587.32,414529187.32,415247687.32
0.5,389,419040041.02,419078941.02,419234541.02,419818041.02
0.55,339,427908791.11,427942691.11,428078291.11,428586791.11
0.6,280,443054076.68,443082076.68,443194076.68,443614076.68
0.65,234,448939928.52,448963328.52,449056928.52,449407928.52
0.7,185,483882917.25,483901417.25,483975417.25,484252917.25
0.75,164,495048226.75,495064626.75,495130226.75,495376226.75
0.8,128,522545923.57,522558723.57,522609923.57,522801923.57
0.85,104,580523631.78,580534031.78,580575631.78,580731631.78
0.9,85,632115939.41,632124439.41,632158439.41,632285939.41
0.95,70,661547648.25,661554648.25,661582648.25,661687648.25
