threshold,alerts,frauds_caught,frauds_missed,fraud_value_saved,fraud_value_lost,review_cost,total_cost
0.01,6283,371,281,841794127.85,147828679.65,3141500.0,150970179.65
0.02,5205,352,300,818372448.41,171250359.09,2602500.0,173852859.09
0.03,4571,338,314,808073594.2,181549213.3,2285500.0,183834713.3
0.04,4106,333,319,807177310.84,182445496.66,2053000.0,184498496.66
0.05,3713,329,323,786575644.0,203047163.5,1856500.0,204903663.5
0.1,2430,308,344,752382484.36,237240323.14,1215000.0,238455323.14
0.15,1817,297,355,737026974.1,252595833.4,908500.0,253504333.4
0.2,1383,288,364,725796997.9,263825809.6,691500.0,264517309.6
0.25,1090,274,378,691994506.55,297628300.95,545000.0,298173300.95
0.3,892,251,401,588106500.29,401516307.21,446000.0,401962307.21
0.35,708,245,407,585348028.42,404274779.08,354000.0,404628779.08
0.4,572,235,417,581355439.21,408267368.29,286000.0,408553368.29
0.45,479,225,427,575333120.18,414289687.32,239500.0,414529187.32
0.5,389,210,442,570582766.48,419040041.02,194500.0,419234541.02
0.55,339,199,453,561714016.39,427908791.11,169500.0,428078291.11
0.6,280,179,473,546568730.82,443054076.68,140000.0,443194076.68
0.65,234,169,483,540682878.98,448939928.52,117000.0,449056928.52
0.7,185,144,508,505739890.25,483882917.25,92500.0,483975417.25
0.75,164,138,514,494574580.75,495048226.75,82000.0,495130226.75
0.8,128,118,534,467076883.93,522545923.57,64000.0,522609923.57
0.85,104,99,553,409099175.72,580523631.78,52000.0,580575631.78
0.9,85,83,569,357506868.09,632115939.41,42500.0,632158439.41
0.95,70,68,584,328075159.25,661547648.25,35000.0,661582648.25
