point_index,fpr,tpr
0,0.0,0.0
20,4e-05,0.15184
40,0.00017,0.19325
60,0.00038,0.21626
80,0.00056,0.25613
101,0.00095,0.27301
121,0.00124,0.29141
141,0.00157,0.31288
161,0.00192,0.33436
181,0.00249,0.34816
202,0.00336,0.36196
222,0.00414,0.37117
242,0.00537,0.3819
262,0.00639,0.38804
282,0.00751,0.40798
303,0.00803,0.42331
323,0.00933,0.42945
343,0.01005,0.43558
363,0.01086,0.44172
383,0.01253,0.44632
404,0.01369,0.45092
424,0.0148,0.45552
444,0.01571,0.46166
464,0.0171,0.46472
484,0.01852,0.46779
505,0.01949,0.47086
525,0.02071,0.47393
545,0.02155,0.47699
565,0.02292,0.4816
585,0.02373,0.48773
606,0.0249,0.4908
626,0.02592,0.49233
646,0.027,0.49387
666,0.02831,0.4954
686,0.02956,0.49693
707,0.03096,0.49847
727,0.03192,0.50153
747,0.03301,0.5046
767,0.03409,0.5046
787,0.03471,0.5046
808,0.03564,0.5092
828,0.03639,0.51074
848,0.03715,0.51074
868,0.03801,0.51227
888,0.03921,0.51687
909,0.04041,0.51687
929,0.04202,0.51994
949,0.04276,0.52147
969,0.04364,0.52454
989,0.04423,0.53067
1010,0.04533,0.53528
1030,0.0462,0.53681
1050,0.04675,0.53834
1070,0.04756,0.53988
1090,0.0489,0.54294
1111,0.04996,0.54755
1131,0.05073,0.55061
1151,0.05159,0.55368
1171,0.05234,0.55368
1191,0.05327,0.55368
1212,0.05384,0.55521
1232,0.05461,0.55828
1252,0.05543,0.55982
1272,0.05616,0.56135
1292,0.05683,0.56595
1313,0.05762,0.56902
1333,0.05809,0.56902
1353,0.05892,0.57055
1373,0.05979,0.57055
1393,0.06047,0.57055
1414,0.06109,0.57209
1434,0.06196,0.57362
1454,0.06287,0.57362
1474,0.06356,0.57515
1494,0.06414,0.57515
1515,0.06473,0.57822
1535,0.06574,0.58436
1555,0.06636,0.58589
1575,0.06688,0.58589
1595,0.06751,0.58742
1616,0.06831,0.58896
1636,0.06875,0.59049
1656,0.06921,0.59049
1676,0.06986,0.59049
1696,0.07044,0.59049
1717,0.07115,0.59049
1737,0.07178,0.59202
1757,0.07241,0.59356
1777,0.0732,0.59509
1797,0.07394,0.59663
1818,0.07461,0.59663
1838,0.07551,0.59663
1858,0.07627,0.59663
1878,0.07699,0.59816
1898,0.0778,0.60123
1919,0.07837,0.60123
1939,0.07897,0.60123
1959,0.07969,0.60123
1979,0.08036,0.60123
2000,1.0,1.0
