threshold,precision,recall,f1_score,tp,fp,fn,tn
0.05,0.0886,0.5046,0.1507,329,3384,323,99155
0.1,0.1267,0.4724,0.1999,308,2122,344,100417
0.15,0.1635,0.4555,0.2406,297,1520,355,101019
0.2,0.2082,0.4417,0.283,288,1095,364,101444
0.25,0.2514,0.4202,0.3146,274,816,378,101723
0.3,0.2814,0.385,0.3251,251,641,401,101898
0.35,0.346,0.3758,0.3603,245,463,407,102076
0.4,0.4108,0.3604,0.384,235,337,417,102202
0.45,0.4697,0.3451,0.3979,225,254,427,102285
0.5,0.5398,0.3221,0.4035,210,179,442,102360
0.55,0.587,0.3052,0.4016,199,140,453,102399
0.6,0.6393,0.2745,0.3841,179,101,473,102438
0.65,0.7222,0.2592,0.3815,169,65,483,102474
0.7,0.7784,0.2209,0.3441,144,41,508,102498
0.75,0.8415,0.2117,0.3382,138,26,514,102513
0.8,0.9219,0.181,0.3026,118,10,534,102529
0.85,0.9519,0.1518,0.2619,99,5,553,102534
0.9,0.9765,0.1273,0.2252,83,2,569,102537
0.95,0.9714,0.1043,0.1884,68,2,584,102537
